# ************************************************************
# Sequel Pro SQL dump
# Version 4541
#
# http://www.sequelpro.com/
# https://github.com/sequelpro/sequelpro
#
# Host: localhost (MySQL 5.5.42)
# Database: microproperties
# Generation Time: 2018-08-23 02:51:01 +0000
# ************************************************************


/*!40101 SET @OLD_CHARACTER_SET_CLIENT=@@CHARACTER_SET_CLIENT */;
/*!40101 SET @OLD_CHARACTER_SET_RESULTS=@@CHARACTER_SET_RESULTS */;
/*!40101 SET @OLD_COLLATION_CONNECTION=@@COLLATION_CONNECTION */;
/*!40101 SET NAMES utf8 */;
/*!40014 SET @OLD_FOREIGN_KEY_CHECKS=@@FOREIGN_KEY_CHECKS, FOREIGN_KEY_CHECKS=0 */;
/*!40101 SET @OLD_SQL_MODE=@@SQL_MODE, SQL_MODE='NO_AUTO_VALUE_ON_ZERO' */;
/*!40111 SET @OLD_SQL_NOTES=@@SQL_NOTES, SQL_NOTES=0 */;


# Dump of table ci_sessions
# ------------------------------------------------------------

DROP TABLE IF EXISTS `ci_sessions`;

CREATE TABLE `ci_sessions` (
  `id` varchar(40) NOT NULL,
  `ip_address` varchar(45) NOT NULL,
  `timestamp` int(10) unsigned NOT NULL DEFAULT '0',
  `data` blob NOT NULL
) ENGINE=MyISAM DEFAULT CHARSET=utf8;

LOCK TABLES `ci_sessions` WRITE;
/*!40000 ALTER TABLE `ci_sessions` DISABLE KEYS */;

INSERT INTO `ci_sessions` (`id`, `ip_address`, `timestamp`, `data`)
VALUES
	('e4c4c904f3e349584a795961b7548e49688eb0ef','::1',1534217235,X'5F5F63695F6C6173745F726567656E65726174657C693A313533343231373233353B'),
	('0c698a1f733fad27c54212c915a2e0d0fbf44d69','::1',1533725358,X'5F5F63695F6C6173745F726567656E65726174657C693A313533333732353335373B6964656E746974797C733A31333A226B79634061646D696E2E636F6D223B656D61696C7C733A31333A226B79634061646D696E2E636F6D223B757365725F69647C733A323A223137223B6F6C645F6C6173745F6C6F67696E7C733A31393A22323031382D30382D30362031313A35303A3239223B6C6173745F636865636B7C693A313533333732303834323B'),
	('cea5802724ba1dbd54c7389929d64cd5d3f8609c','::1',1533621735,X'5F5F63695F6C6173745F726567656E65726174657C693A313533333632313733353B'),
	('ec86c3db970bba1247ce8b0030d7c6af99d92e05','::1',1533720842,X'5F5F63695F6C6173745F726567656E65726174657C693A313533333732303832363B6964656E746974797C733A31333A226B79634061646D696E2E636F6D223B656D61696C7C733A31333A226B79634061646D696E2E636F6D223B757365725F69647C733A323A223137223B6F6C645F6C6173745F6C6F67696E7C733A31393A22323031382D30382D30362031313A35303A3239223B6C6173745F636865636B7C693A313533333732303834323B6D6573736167657C733A32393A223C703E4C6F6767656420496E205375636365737366756C6C793C2F703E223B5F5F63695F766172737C613A313A7B733A373A226D657373616765223B733A333A226F6C64223B7D'),
	('acce2e39ead2a81dda7f1d7778a52e0d7ff66611','::1',1533609990,X'5F5F63695F6C6173745F726567656E65726174657C693A313533333630393938393B'),
	('6ace96d9929fa4375014c0fb706a0a0d14601cab','::1',1533548961,X'5F5F63695F6C6173745F726567656E65726174657C693A313533333534383936303B'),
	('9c1cbe84d107b6ba0d33945aa13228ba339bdcbb','::1',1533539133,X'5F5F63695F6C6173745F726567656E65726174657C693A313533333533393133323B74656D705F757365725F696E666F7C4F3A383A22737464436C617373223A33373A7B733A323A226964223B733A323A223239223B733A373A22757365726B6579223B4E3B733A31303A2269705F61646472657373223B733A333A223A3A31223B733A383A22757365726E616D65223B733A32333A227465737465723035406D61696C696E61746F722E636F6D223B733A383A2270617373776F7264223B733A36303A2224327924303824656378562F4530535953745A6E6C58634A4A4F494D6563442E795258526973702F4D316B666751316148327A514B2E532F71486879223B733A343A2273616C74223B4E3B733A353A22656D61696C223B733A32333A227465737465723035406D61696C696E61746F722E636F6D223B733A31353A2261637469766174696F6E5F636F6465223B733A31363A22304333493239324F32573251324D334A223B733A32333A22666F72676F7474656E5F70617373776F72645F636F6465223B4E3B733A32333A22666F72676F7474656E5F70617373776F72645F74696D65223B4E3B733A31333A2272656D656D6265725F636F6465223B4E3B733A31303A22637265617465645F6F6E223B733A31393A22323031382D30382D30362031313A34313A3132223B733A31303A226C6173745F6C6F67696E223B4E3B733A363A22616374697665223B733A313A2231223B733A31303A2266697273745F6E616D65223B733A343A224D41726B223B733A393A226C6173745F6E616D65223B4E3B733A32313A226964656E74696669636174696F6E5F6E756D626572223B4E3B733A353A2270686F6E65223B4E3B733A31313A22706F7374616C5F636F6465223B4E3B733A333A22646F62223B4E3B733A373A2261646472657373223B4E3B733A31313A22756E69745F6E756D626572223B4E3B733A31313A226E6174696F6E616C697479223B4E3B733A343A2272616365223B4E3B733A383A2272656C6967696F6E223B4E3B733A31323A2262696C6C696E675F7363616E223B4E3B733A373A2269645F7363616E223B4E3B733A31323A2269645F7363616E5F6261636B223B4E3B733A31333A2270726F66696C655F70686F746F223B4E3B733A363A226167656E6379223B4E3B733A31313A2269735F636F6D706C657465223B733A313A2230223B733A31323A22666F725F617070726F76616C223B733A313A2230223B733A32303A22726561736F6E5F666F725F72656A656374696F6E223B733A303A22223B733A31303A226B79635F737461747573223B733A313A2230223B733A31393A2269735F70617373776F72645F75706461746564223B733A313A2230223B733A31303A226E6577736C6574746572223B733A313A2230223B733A363A22737461747573223B733A31303A2272656769737465726564223B7D6964656E746974797C733A32333A227465737465723035406D61696C696E61746F722E636F6D223B656D61696C7C733A32333A227465737465723035406D61696C696E61746F722E636F6D223B757365725F69647C733A323A223239223B6F6C645F6C6173745F6C6F67696E7C4E3B6C6173745F636865636B7C693A313533333532363937313B'),
	('245e86cbc4ad070f5dfe23d8ebc7c5a211994312','::1',1533536997,X'5F5F63695F6C6173745F726567656E65726174657C693A313533333533333237393B74656D705F757365725F696E666F7C4F3A383A22737464436C617373223A33373A7B733A323A226964223B733A323A223239223B733A373A22757365726B6579223B4E3B733A31303A2269705F61646472657373223B733A333A223A3A31223B733A383A22757365726E616D65223B733A32333A227465737465723035406D61696C696E61746F722E636F6D223B733A383A2270617373776F7264223B733A36303A2224327924303824656378562F4530535953745A6E6C58634A4A4F494D6563442E795258526973702F4D316B666751316148327A514B2E532F71486879223B733A343A2273616C74223B4E3B733A353A22656D61696C223B733A32333A227465737465723035406D61696C696E61746F722E636F6D223B733A31353A2261637469766174696F6E5F636F6465223B733A31363A22304333493239324F32573251324D334A223B733A32333A22666F72676F7474656E5F70617373776F72645F636F6465223B4E3B733A32333A22666F72676F7474656E5F70617373776F72645F74696D65223B4E3B733A31333A2272656D656D6265725F636F6465223B4E3B733A31303A22637265617465645F6F6E223B733A31393A22323031382D30382D30362031313A34313A3132223B733A31303A226C6173745F6C6F67696E223B4E3B733A363A22616374697665223B733A313A2231223B733A31303A2266697273745F6E616D65223B733A343A224D41726B223B733A393A226C6173745F6E616D65223B4E3B733A32313A226964656E74696669636174696F6E5F6E756D626572223B4E3B733A353A2270686F6E65223B4E3B733A31313A22706F7374616C5F636F6465223B4E3B733A333A22646F62223B4E3B733A373A2261646472657373223B4E3B733A31313A22756E69745F6E756D626572223B4E3B733A31313A226E6174696F6E616C697479223B4E3B733A343A2272616365223B4E3B733A383A2272656C6967696F6E223B4E3B733A31323A2262696C6C696E675F7363616E223B4E3B733A373A2269645F7363616E223B4E3B733A31323A2269645F7363616E5F6261636B223B4E3B733A31333A2270726F66696C655F70686F746F223B4E3B733A363A226167656E6379223B4E3B733A31313A2269735F636F6D706C657465223B733A313A2230223B733A31323A22666F725F617070726F76616C223B733A313A2230223B733A32303A22726561736F6E5F666F725F72656A656374696F6E223B733A303A22223B733A31303A226B79635F737461747573223B733A313A2230223B733A31393A2269735F70617373776F72645F75706461746564223B733A313A2230223B733A31303A226E6577736C6574746572223B733A313A2230223B733A363A22737461747573223B733A31303A2272656769737465726564223B7D6964656E746974797C733A32333A227465737465723035406D61696C696E61746F722E636F6D223B656D61696C7C733A32333A227465737465723035406D61696C696E61746F722E636F6D223B757365725F69647C733A323A223239223B6F6C645F6C6173745F6C6F67696E7C4E3B6C6173745F636865636B7C693A313533333532363937313B'),
	('2d4ddb5ccbfa0e4679d38a63cddb99c843bfdc26','::1',1533528163,X'5F5F63695F6C6173745F726567656E65726174657C693A313533333532373837343B6964656E746974797C733A31353A2261646D696E4061646D696E2E636F6D223B656D61696C7C733A31353A2261646D696E4061646D696E2E636F6D223B757365725F69647C733A313A2231223B6F6C645F6C6173745F6C6F67696E7C733A31393A22323031382D30382D30362030383A31333A3336223B6C6173745F636865636B7C693A313533333532373838323B'),
	('ac335234f519b4cb05e68de9e41c34939d45a422','::1',1533528299,X'5F5F63695F6C6173745F726567656E65726174657C693A313533333532383131373B74656D705F757365725F696E666F7C4F3A383A22737464436C617373223A33373A7B733A323A226964223B733A323A223239223B733A373A22757365726B6579223B4E3B733A31303A2269705F61646472657373223B733A333A223A3A31223B733A383A22757365726E616D65223B733A32333A227465737465723035406D61696C696E61746F722E636F6D223B733A383A2270617373776F7264223B733A36303A2224327924303824656378562F4530535953745A6E6C58634A4A4F494D6563442E795258526973702F4D316B666751316148327A514B2E532F71486879223B733A343A2273616C74223B4E3B733A353A22656D61696C223B733A32333A227465737465723035406D61696C696E61746F722E636F6D223B733A31353A2261637469766174696F6E5F636F6465223B733A31363A22304333493239324F32573251324D334A223B733A32333A22666F72676F7474656E5F70617373776F72645F636F6465223B4E3B733A32333A22666F72676F7474656E5F70617373776F72645F74696D65223B4E3B733A31333A2272656D656D6265725F636F6465223B4E3B733A31303A22637265617465645F6F6E223B733A31393A22323031382D30382D30362031313A34313A3132223B733A31303A226C6173745F6C6F67696E223B4E3B733A363A22616374697665223B733A313A2231223B733A31303A2266697273745F6E616D65223B733A343A224D41726B223B733A393A226C6173745F6E616D65223B4E3B733A32313A226964656E74696669636174696F6E5F6E756D626572223B4E3B733A353A2270686F6E65223B4E3B733A31313A22706F7374616C5F636F6465223B4E3B733A333A22646F62223B4E3B733A373A2261646472657373223B4E3B733A31313A22756E69745F6E756D626572223B4E3B733A31313A226E6174696F6E616C697479223B4E3B733A343A2272616365223B4E3B733A383A2272656C6967696F6E223B4E3B733A31323A2262696C6C696E675F7363616E223B4E3B733A373A2269645F7363616E223B4E3B733A31323A2269645F7363616E5F6261636B223B4E3B733A31333A2270726F66696C655F70686F746F223B4E3B733A363A226167656E6379223B4E3B733A31313A2269735F636F6D706C657465223B733A313A2230223B733A31323A22666F725F617070726F76616C223B733A313A2230223B733A32303A22726561736F6E5F666F725F72656A656374696F6E223B733A303A22223B733A31303A226B79635F737461747573223B733A313A2230223B733A31393A2269735F70617373776F72645F75706461746564223B733A313A2230223B733A31303A226E6577736C6574746572223B733A313A2230223B733A363A22737461747573223B733A31303A2272656769737465726564223B7D6964656E746974797C733A32333A227465737465723035406D61696C696E61746F722E636F6D223B656D61696C7C733A32333A227465737465723035406D61696C696E61746F722E636F6D223B757365725F69647C733A323A223239223B6F6C645F6C6173745F6C6F67696E7C4E3B6C6173745F636865636B7C693A313533333532363937313B'),
	('6bb25cb3c0323cd612d89c2c0f97e5e33c5f485d','::1',1533526371,X'5F5F63695F6C6173745F726567656E65726174657C693A313533333532363232333B'),
	('5a31514663ae9dec2aa87827ffb0c40e2cdbc6da','::1',1533526953,X'5F5F63695F6C6173745F726567656E65726174657C693A313533333532363636363B74656D705F757365725F696E666F7C4F3A383A22737464436C617373223A33373A7B733A323A226964223B733A323A223239223B733A373A22757365726B6579223B4E3B733A31303A2269705F61646472657373223B733A333A223A3A31223B733A383A22757365726E616D65223B733A32333A227465737465723035406D61696C696E61746F722E636F6D223B733A383A2270617373776F7264223B733A36303A2224327924303824656378562F4530535953745A6E6C58634A4A4F494D6563442E795258526973702F4D316B666751316148327A514B2E532F71486879223B733A343A2273616C74223B4E3B733A353A22656D61696C223B733A32333A227465737465723035406D61696C696E61746F722E636F6D223B733A31353A2261637469766174696F6E5F636F6465223B733A31363A22304333493239324F32573251324D334A223B733A32333A22666F72676F7474656E5F70617373776F72645F636F6465223B4E3B733A32333A22666F72676F7474656E5F70617373776F72645F74696D65223B4E3B733A31333A2272656D656D6265725F636F6465223B4E3B733A31303A22637265617465645F6F6E223B733A31393A22323031382D30382D30362031313A34313A3132223B733A31303A226C6173745F6C6F67696E223B4E3B733A363A22616374697665223B733A313A2231223B733A31303A2266697273745F6E616D65223B733A343A224D41726B223B733A393A226C6173745F6E616D65223B4E3B733A32313A226964656E74696669636174696F6E5F6E756D626572223B4E3B733A353A2270686F6E65223B4E3B733A31313A22706F7374616C5F636F6465223B4E3B733A333A22646F62223B4E3B733A373A2261646472657373223B4E3B733A31313A22756E69745F6E756D626572223B4E3B733A31313A226E6174696F6E616C697479223B4E3B733A343A2272616365223B4E3B733A383A2272656C6967696F6E223B4E3B733A31323A2262696C6C696E675F7363616E223B4E3B733A373A2269645F7363616E223B4E3B733A31323A2269645F7363616E5F6261636B223B4E3B733A31333A2270726F66696C655F70686F746F223B4E3B733A363A226167656E6379223B4E3B733A31313A2269735F636F6D706C657465223B733A313A2230223B733A31323A22666F725F617070726F76616C223B733A313A2230223B733A32303A22726561736F6E5F666F725F72656A656374696F6E223B733A303A22223B733A31303A226B79635F737461747573223B733A313A2230223B733A31393A2269735F70617373776F72645F75706461746564223B733A313A2230223B733A31303A226E6577736C6574746572223B733A313A2230223B733A363A22737461747573223B733A31303A2272656769737465726564223B7D'),
	('3a0ee5105f6dca2d99239024de14daddd3891dd3','::1',1533527357,X'5F5F63695F6C6173745F726567656E65726174657C693A313533333532363937303B74656D705F757365725F696E666F7C4F3A383A22737464436C617373223A33373A7B733A323A226964223B733A323A223239223B733A373A22757365726B6579223B4E3B733A31303A2269705F61646472657373223B733A333A223A3A31223B733A383A22757365726E616D65223B733A32333A227465737465723035406D61696C696E61746F722E636F6D223B733A383A2270617373776F7264223B733A36303A2224327924303824656378562F4530535953745A6E6C58634A4A4F494D6563442E795258526973702F4D316B666751316148327A514B2E532F71486879223B733A343A2273616C74223B4E3B733A353A22656D61696C223B733A32333A227465737465723035406D61696C696E61746F722E636F6D223B733A31353A2261637469766174696F6E5F636F6465223B733A31363A22304333493239324F32573251324D334A223B733A32333A22666F72676F7474656E5F70617373776F72645F636F6465223B4E3B733A32333A22666F72676F7474656E5F70617373776F72645F74696D65223B4E3B733A31333A2272656D656D6265725F636F6465223B4E3B733A31303A22637265617465645F6F6E223B733A31393A22323031382D30382D30362031313A34313A3132223B733A31303A226C6173745F6C6F67696E223B4E3B733A363A22616374697665223B733A313A2231223B733A31303A2266697273745F6E616D65223B733A343A224D41726B223B733A393A226C6173745F6E616D65223B4E3B733A32313A226964656E74696669636174696F6E5F6E756D626572223B4E3B733A353A2270686F6E65223B4E3B733A31313A22706F7374616C5F636F6465223B4E3B733A333A22646F62223B4E3B733A373A2261646472657373223B4E3B733A31313A22756E69745F6E756D626572223B4E3B733A31313A226E6174696F6E616C697479223B4E3B733A343A2272616365223B4E3B733A383A2272656C6967696F6E223B4E3B733A31323A2262696C6C696E675F7363616E223B4E3B733A373A2269645F7363616E223B4E3B733A31323A2269645F7363616E5F6261636B223B4E3B733A31333A2270726F66696C655F70686F746F223B4E3B733A363A226167656E6379223B4E3B733A31313A2269735F636F6D706C657465223B733A313A2230223B733A31323A22666F725F617070726F76616C223B733A313A2230223B733A32303A22726561736F6E5F666F725F72656A656374696F6E223B733A303A22223B733A31303A226B79635F737461747573223B733A313A2230223B733A31393A2269735F70617373776F72645F75706461746564223B733A313A2230223B733A31303A226E6577736C6574746572223B733A313A2230223B733A363A22737461747573223B733A31303A2272656769737465726564223B7D6964656E746974797C733A32333A227465737465723035406D61696C696E61746F722E636F6D223B656D61696C7C733A32333A227465737465723035406D61696C696E61746F722E636F6D223B757365725F69647C733A323A223239223B6F6C645F6C6173745F6C6F67696E7C4E3B6C6173745F636865636B7C693A313533333532363937313B'),
	('de0c8983887ff4e500a7500eccbf9932bd4dd2cd','::1',1533538861,X'5F5F63695F6C6173745F726567656E65726174657C693A313533333533383632353B74656D705F757365725F696E666F7C4F3A383A22737464436C617373223A33373A7B733A323A226964223B733A323A223239223B733A373A22757365726B6579223B4E3B733A31303A2269705F61646472657373223B733A333A223A3A31223B733A383A22757365726E616D65223B733A32333A227465737465723035406D61696C696E61746F722E636F6D223B733A383A2270617373776F7264223B733A36303A2224327924303824656378562F4530535953745A6E6C58634A4A4F494D6563442E795258526973702F4D316B666751316148327A514B2E532F71486879223B733A343A2273616C74223B4E3B733A353A22656D61696C223B733A32333A227465737465723035406D61696C696E61746F722E636F6D223B733A31353A2261637469766174696F6E5F636F6465223B733A31363A22304333493239324F32573251324D334A223B733A32333A22666F72676F7474656E5F70617373776F72645F636F6465223B4E3B733A32333A22666F72676F7474656E5F70617373776F72645F74696D65223B4E3B733A31333A2272656D656D6265725F636F6465223B4E3B733A31303A22637265617465645F6F6E223B733A31393A22323031382D30382D30362031313A34313A3132223B733A31303A226C6173745F6C6F67696E223B4E3B733A363A22616374697665223B733A313A2231223B733A31303A2266697273745F6E616D65223B733A343A224D41726B223B733A393A226C6173745F6E616D65223B4E3B733A32313A226964656E74696669636174696F6E5F6E756D626572223B4E3B733A353A2270686F6E65223B4E3B733A31313A22706F7374616C5F636F6465223B4E3B733A333A22646F62223B4E3B733A373A2261646472657373223B4E3B733A31313A22756E69745F6E756D626572223B4E3B733A31313A226E6174696F6E616C697479223B4E3B733A343A2272616365223B4E3B733A383A2272656C6967696F6E223B4E3B733A31323A2262696C6C696E675F7363616E223B4E3B733A373A2269645F7363616E223B4E3B733A31323A2269645F7363616E5F6261636B223B4E3B733A31333A2270726F66696C655F70686F746F223B4E3B733A363A226167656E6379223B4E3B733A31313A2269735F636F6D706C657465223B733A313A2230223B733A31323A22666F725F617070726F76616C223B733A313A2230223B733A32303A22726561736F6E5F666F725F72656A656374696F6E223B733A303A22223B733A31303A226B79635F737461747573223B733A313A2230223B733A31393A2269735F70617373776F72645F75706461746564223B733A313A2230223B733A31303A226E6577736C6574746572223B733A313A2230223B733A363A22737461747573223B733A31303A2272656769737465726564223B7D6964656E746974797C733A32333A227465737465723035406D61696C696E61746F722E636F6D223B656D61696C7C733A32333A227465737465723035406D61696C696E61746F722E636F6D223B757365725F69647C733A323A223239223B6F6C645F6C6173745F6C6F67696E7C4E3B6C6173745F636865636B7C693A313533333532363937313B'),
	('49c8378c41f338b786df8d899b4e8461cdedd941','::1',1533530679,X'5F5F63695F6C6173745F726567656E65726174657C693A313533333533303637393B74656D705F757365725F696E666F7C4F3A383A22737464436C617373223A33373A7B733A323A226964223B733A323A223239223B733A373A22757365726B6579223B4E3B733A31303A2269705F61646472657373223B733A333A223A3A31223B733A383A22757365726E616D65223B733A32333A227465737465723035406D61696C696E61746F722E636F6D223B733A383A2270617373776F7264223B733A36303A2224327924303824656378562F4530535953745A6E6C58634A4A4F494D6563442E795258526973702F4D316B666751316148327A514B2E532F71486879223B733A343A2273616C74223B4E3B733A353A22656D61696C223B733A32333A227465737465723035406D61696C696E61746F722E636F6D223B733A31353A2261637469766174696F6E5F636F6465223B733A31363A22304333493239324F32573251324D334A223B733A32333A22666F72676F7474656E5F70617373776F72645F636F6465223B4E3B733A32333A22666F72676F7474656E5F70617373776F72645F74696D65223B4E3B733A31333A2272656D656D6265725F636F6465223B4E3B733A31303A22637265617465645F6F6E223B733A31393A22323031382D30382D30362031313A34313A3132223B733A31303A226C6173745F6C6F67696E223B4E3B733A363A22616374697665223B733A313A2231223B733A31303A2266697273745F6E616D65223B733A343A224D41726B223B733A393A226C6173745F6E616D65223B4E3B733A32313A226964656E74696669636174696F6E5F6E756D626572223B4E3B733A353A2270686F6E65223B4E3B733A31313A22706F7374616C5F636F6465223B4E3B733A333A22646F62223B4E3B733A373A2261646472657373223B4E3B733A31313A22756E69745F6E756D626572223B4E3B733A31313A226E6174696F6E616C697479223B4E3B733A343A2272616365223B4E3B733A383A2272656C6967696F6E223B4E3B733A31323A2262696C6C696E675F7363616E223B4E3B733A373A2269645F7363616E223B4E3B733A31323A2269645F7363616E5F6261636B223B4E3B733A31333A2270726F66696C655F70686F746F223B4E3B733A363A226167656E6379223B4E3B733A31313A2269735F636F6D706C657465223B733A313A2230223B733A31323A22666F725F617070726F76616C223B733A313A2230223B733A32303A22726561736F6E5F666F725F72656A656374696F6E223B733A303A22223B733A31303A226B79635F737461747573223B733A313A2230223B733A31393A2269735F70617373776F72645F75706461746564223B733A313A2230223B733A31303A226E6577736C6574746572223B733A313A2230223B733A363A22737461747573223B733A31303A2272656769737465726564223B7D6964656E746974797C733A32333A227465737465723035406D61696C696E61746F722E636F6D223B656D61696C7C733A32333A227465737465723035406D61696C696E61746F722E636F6D223B757365725F69647C733A323A223239223B6F6C645F6C6173745F6C6F67696E7C4E3B6C6173745F636865636B7C693A313533333532363937313B'),
	('5d68dc4e0035ca250465a59c556ce42ab5b32c26','::1',1533529374,X'5F5F63695F6C6173745F726567656E65726174657C693A313533333532393337343B74656D705F757365725F696E666F7C4F3A383A22737464436C617373223A33373A7B733A323A226964223B733A323A223239223B733A373A22757365726B6579223B4E3B733A31303A2269705F61646472657373223B733A333A223A3A31223B733A383A22757365726E616D65223B733A32333A227465737465723035406D61696C696E61746F722E636F6D223B733A383A2270617373776F7264223B733A36303A2224327924303824656378562F4530535953745A6E6C58634A4A4F494D6563442E795258526973702F4D316B666751316148327A514B2E532F71486879223B733A343A2273616C74223B4E3B733A353A22656D61696C223B733A32333A227465737465723035406D61696C696E61746F722E636F6D223B733A31353A2261637469766174696F6E5F636F6465223B733A31363A22304333493239324F32573251324D334A223B733A32333A22666F72676F7474656E5F70617373776F72645F636F6465223B4E3B733A32333A22666F72676F7474656E5F70617373776F72645F74696D65223B4E3B733A31333A2272656D656D6265725F636F6465223B4E3B733A31303A22637265617465645F6F6E223B733A31393A22323031382D30382D30362031313A34313A3132223B733A31303A226C6173745F6C6F67696E223B4E3B733A363A22616374697665223B733A313A2231223B733A31303A2266697273745F6E616D65223B733A343A224D41726B223B733A393A226C6173745F6E616D65223B4E3B733A32313A226964656E74696669636174696F6E5F6E756D626572223B4E3B733A353A2270686F6E65223B4E3B733A31313A22706F7374616C5F636F6465223B4E3B733A333A22646F62223B4E3B733A373A2261646472657373223B4E3B733A31313A22756E69745F6E756D626572223B4E3B733A31313A226E6174696F6E616C697479223B4E3B733A343A2272616365223B4E3B733A383A2272656C6967696F6E223B4E3B733A31323A2262696C6C696E675F7363616E223B4E3B733A373A2269645F7363616E223B4E3B733A31323A2269645F7363616E5F6261636B223B4E3B733A31333A2270726F66696C655F70686F746F223B4E3B733A363A226167656E6379223B4E3B733A31313A2269735F636F6D706C657465223B733A313A2230223B733A31323A22666F725F617070726F76616C223B733A313A2230223B733A32303A22726561736F6E5F666F725F72656A656374696F6E223B733A303A22223B733A31303A226B79635F737461747573223B733A313A2230223B733A31393A2269735F70617373776F72645F75706461746564223B733A313A2230223B733A31303A226E6577736C6574746572223B733A313A2230223B733A363A22737461747573223B733A31303A2272656769737465726564223B7D6964656E746974797C733A32333A227465737465723035406D61696C696E61746F722E636F6D223B656D61696C7C733A32333A227465737465723035406D61696C696E61746F722E636F6D223B757365725F69647C733A323A223239223B6F6C645F6C6173745F6C6F67696E7C4E3B6C6173745F636865636B7C693A313533333532363937313B'),
	('4173e964c21e42bf68560b50e1051792d9739328','::1',1533528438,X'5F5F63695F6C6173745F726567656E65726174657C693A313533333532383137373B6964656E746974797C733A31353A2261646D696E4061646D696E2E636F6D223B656D61696C7C733A31353A2261646D696E4061646D696E2E636F6D223B757365725F69647C733A313A2231223B6F6C645F6C6173745F6C6F67696E7C733A31393A22323031382D30382D30362030383A31333A3336223B6C6173745F636865636B7C693A313533333532373838323B'),
	('9471841f4e34c3ebb24ee03cd79c8c6eeedf0c50','::1',1533527609,X'5F5F63695F6C6173745F726567656E65726174657C693A313533333532373432393B6964656E746974797C733A31333A226B79634061646D696E2E636F6D223B656D61696C7C733A31333A226B79634061646D696E2E636F6D223B757365725F69647C733A323A223137223B6F6C645F6C6173745F6C6F67696E7C733A31393A22323031382D30382D30362030383A32363A3039223B6C6173745F636865636B7C693A313533333532373432393B'),
	('79c65baa6d3a2e02260476ca90a8a3ff48967f90','::1',1533527787,X'5F5F63695F6C6173745F726567656E65726174657C693A313533333532373438373B74656D705F757365725F696E666F7C4F3A383A22737464436C617373223A33373A7B733A323A226964223B733A323A223239223B733A373A22757365726B6579223B4E3B733A31303A2269705F61646472657373223B733A333A223A3A31223B733A383A22757365726E616D65223B733A32333A227465737465723035406D61696C696E61746F722E636F6D223B733A383A2270617373776F7264223B733A36303A2224327924303824656378562F4530535953745A6E6C58634A4A4F494D6563442E795258526973702F4D316B666751316148327A514B2E532F71486879223B733A343A2273616C74223B4E3B733A353A22656D61696C223B733A32333A227465737465723035406D61696C696E61746F722E636F6D223B733A31353A2261637469766174696F6E5F636F6465223B733A31363A22304333493239324F32573251324D334A223B733A32333A22666F72676F7474656E5F70617373776F72645F636F6465223B4E3B733A32333A22666F72676F7474656E5F70617373776F72645F74696D65223B4E3B733A31333A2272656D656D6265725F636F6465223B4E3B733A31303A22637265617465645F6F6E223B733A31393A22323031382D30382D30362031313A34313A3132223B733A31303A226C6173745F6C6F67696E223B4E3B733A363A22616374697665223B733A313A2231223B733A31303A2266697273745F6E616D65223B733A343A224D41726B223B733A393A226C6173745F6E616D65223B4E3B733A32313A226964656E74696669636174696F6E5F6E756D626572223B4E3B733A353A2270686F6E65223B4E3B733A31313A22706F7374616C5F636F6465223B4E3B733A333A22646F62223B4E3B733A373A2261646472657373223B4E3B733A31313A22756E69745F6E756D626572223B4E3B733A31313A226E6174696F6E616C697479223B4E3B733A343A2272616365223B4E3B733A383A2272656C6967696F6E223B4E3B733A31323A2262696C6C696E675F7363616E223B4E3B733A373A2269645F7363616E223B4E3B733A31323A2269645F7363616E5F6261636B223B4E3B733A31333A2270726F66696C655F70686F746F223B4E3B733A363A226167656E6379223B4E3B733A31313A2269735F636F6D706C657465223B733A313A2230223B733A31323A22666F725F617070726F76616C223B733A313A2230223B733A32303A22726561736F6E5F666F725F72656A656374696F6E223B733A303A22223B733A31303A226B79635F737461747573223B733A313A2230223B733A31393A2269735F70617373776F72645F75706461746564223B733A313A2230223B733A31303A226E6577736C6574746572223B733A313A2230223B733A363A22737461747573223B733A31303A2272656769737465726564223B7D6964656E746974797C733A32333A227465737465723035406D61696C696E61746F722E636F6D223B656D61696C7C733A32333A227465737465723035406D61696C696E61746F722E636F6D223B757365725F69647C733A323A223239223B6F6C645F6C6173745F6C6F67696E7C4E3B6C6173745F636865636B7C693A313533333532363937313B');

/*!40000 ALTER TABLE `ci_sessions` ENABLE KEYS */;
UNLOCK TABLES;


# Dump of table deposits
# ------------------------------------------------------------

DROP TABLE IF EXISTS `deposits`;

CREATE TABLE `deposits` (
  `deposit_id` int(11) NOT NULL AUTO_INCREMENT,
  `user_id` int(11) NOT NULL,
  `amount` decimal(15,2) NOT NULL,
  `ref_number` varchar(25) NOT NULL,
  `date_deposit` datetime NOT NULL,
  `date_approved` datetime NOT NULL,
  `status` int(2) NOT NULL DEFAULT '0',
  PRIMARY KEY (`deposit_id`)
) ENGINE=InnoDB DEFAULT CHARSET=latin1;

LOCK TABLES `deposits` WRITE;
/*!40000 ALTER TABLE `deposits` DISABLE KEYS */;

INSERT INTO `deposits` (`deposit_id`, `user_id`, `amount`, `ref_number`, `date_deposit`, `date_approved`, `status`)
VALUES
	(1,4,10000.00,'123456ABCDEFGH','2018-06-26 00:00:00','2018-06-27 21:28:57',1),
	(2,4,20000.00,'6548498SDFSDFSDF','2018-06-22 00:00:00','0000-00-00 00:00:00',0);

/*!40000 ALTER TABLE `deposits` ENABLE KEYS */;
UNLOCK TABLES;


# Dump of table distributions
# ------------------------------------------------------------

DROP TABLE IF EXISTS `distributions`;

CREATE TABLE `distributions` (
  `distribution_id` int(11) unsigned NOT NULL AUTO_INCREMENT,
  `user_id` int(11) DEFAULT NULL,
  `property_id` int(11) DEFAULT NULL,
  `trust_id` int(11) DEFAULT NULL,
  `amount` decimal(10,2) DEFAULT NULL,
  PRIMARY KEY (`distribution_id`)
) ENGINE=InnoDB DEFAULT CHARSET=utf8;

LOCK TABLES `distributions` WRITE;
/*!40000 ALTER TABLE `distributions` DISABLE KEYS */;

INSERT INTO `distributions` (`distribution_id`, `user_id`, `property_id`, `trust_id`, `amount`)
VALUES
	(1,1,1,1,5000.00),
	(2,1,2,2,10000.00),
	(3,2,2,2,10000.00);

/*!40000 ALTER TABLE `distributions` ENABLE KEYS */;
UNLOCK TABLES;


# Dump of table districts
# ------------------------------------------------------------

DROP TABLE IF EXISTS `districts`;

CREATE TABLE `districts` (
  `district_id` int(11) NOT NULL AUTO_INCREMENT,
  `district_number` int(11) NOT NULL,
  `district_name` text NOT NULL,
  `status` smallint(2) NOT NULL DEFAULT '0',
  PRIMARY KEY (`district_id`)
) ENGINE=InnoDB DEFAULT CHARSET=latin1;

LOCK TABLES `districts` WRITE;
/*!40000 ALTER TABLE `districts` DISABLE KEYS */;

INSERT INTO `districts` (`district_id`, `district_number`, `district_name`, `status`)
VALUES
	(1,1,'Raffles Place, Marina, People\'s Park, Boat Quay',0),
	(2,2,'Tanjong Pagar, Chinatown, Anson',0),
	(3,3,'Queenstown, Tiong Bahru, Commonwealth, Alexandra',0),
	(4,4,'Telok Blangah, Harbourfront',0),
	(5,5,'Pasir Panjang, Hong Leong Garden, Clementi New Town, Buona Vista, West Coast',0),
	(6,6,'City Hall, Clarke Quay',0),
	(7,7,'Beach Road, Bugis, Rochor',0),
	(8,8,'Farrer Park, Serangoon Rd',0),
	(9,9,'Orchard, Cairnhill, River Valley',0),
	(10,10,'Ardmore, Bukit Timah, Holland Road, Tanglin',0),
	(11,11,'Newton, Novena',0),
	(12,12,'Balestier, Toa Payoh',0),
	(13,13,'Potong Pasir, Macpherson, Braddell',0),
	(14,14,'Geylang, Eunos, Paya Lebar',0),
	(15,15,'East Coast, Marine Parade, Katong, Joo Chiat',0),
	(16,16,'Bedok, Upper East Coast',0),
	(17,17,'Changi Airport, Changi Village',0),
	(18,18,'Tampines, Pasir Ris',0),
	(19,19,'Hougang, Punggol, Sengkang',0),
	(20,20,'Ang Mo Kio, Bishan, Thomson',0),
	(21,21,'Clementi Park, Upper Bukit Timah',0),
	(22,22,'Boon Lay, Jurong, Tuas',0),
	(23,23,'Bukit Batok, Bukit Panjang, Choa Chu Kang',0),
	(24,24,'Lim Chu Kang, Tengah',0),
	(25,25,'Admiralty, Woodlands',0),
	(26,26,'Mandai, Upper Thomson',0),
	(27,27,'Sembawang, Yishun',0),
	(28,28,'Seletar, Yio Chu Kang',0);

/*!40000 ALTER TABLE `districts` ENABLE KEYS */;
UNLOCK TABLES;


# Dump of table email_templates
# ------------------------------------------------------------

DROP TABLE IF EXISTS `email_templates`;

CREATE TABLE `email_templates` (
  `id` int(9) unsigned NOT NULL AUTO_INCREMENT,
  `name` varchar(50) DEFAULT NULL,
  `subject` varchar(100) DEFAULT NULL,
  `content` text NOT NULL,
  PRIMARY KEY (`id`)
) ENGINE=InnoDB DEFAULT CHARSET=utf8;

LOCK TABLES `email_templates` WRITE;
/*!40000 ALTER TABLE `email_templates` DISABLE KEYS */;

INSERT INTO `email_templates` (`id`, `name`, `subject`, `content`)
VALUES
	(1,'request-new-topic.html no agenda','[uberABM] - request for a new topic','<!DOCTYPE html PUBLIC \"-//W3C//DTD XHTML 1.0 Transitional//EN\" \"http://www.w3.org/TR/xhtml1/DTD/xhtml1-transitional.dtd\">\n<html xmlns=\"http://www.w3.org/1999/xhtml\">\n<head>\n<meta http-equiv=\"Content-Type\" content=\"text/html; charset=UTF-8\" />\n<title>UberABM</title>\n<meta name=\"viewport\" content=\"width=device-width, initial-scale=1.0\"/>\n</head>\n<body style=\"margin: 0; padding: 0;\">\n	<table  align=\"center\" border=\"0\" cellpadding=\"0\" cellspacing=\"0\" width=\"600\" style=\"border-collapse: collapse;border:1px solid #c4c4c4;\">	\n		<tr>\n			<td>\n				<table align=\"center\" border=\"0\" cellpadding=\"0\" cellspacing=\"0\" style=\" border-collapse: collapse;\">\n					<td style=\"padding:0 15px;\" width=\"290\" align=\"left\">\n						<img src=\"{url}assets/edm/logo.png\" alt=\"\" width=\"230\" height=\"76\" style=\"display: block;padding:0;margin:0;\">\n					</td>\n					<td style=\"padding:0 15px;\" width=\"290\" align=\"right\">\n						<img src=\"{url}assets/edm/juniper-logo.jpg\" alt=\"\" width=\"143\" height=\"48\" style=\"display: block;padding:0;margin:0;\">\n					</td>\n				</table>\n			</td>\n		</tr>\n		<tr>\n			<td>\n				<table align=\"center\" border=\"0\" cellpadding=\"0\" cellspacing=\"0\" width=\"560\" style=\" border-collapse: collapse;background: #13222f;\">\n					<td align=\"left\" style=\"padding-left: 20px;\">\n						<h2 style=\"font-size: 24px;color:#d4c440;text-transform: uppercase;font-family:  Helvetica,sans-serif;font-weight: 200;\">\n							Time to tap into your expertise!\n						</h2>\n					</td>\n					<td align=\"right\">\n						<img src=\"{url}assets/edm/header-right.jpg\" alt=\"IOT\" width=\"186\" height=\"150\" style=\"display: block;\" />\n					</td>\n				</table>\n			</td>\n		</tr>\n		<tr>\n			<td style=\"padding:0;\">\n				<table align=\"center\" border=\"0\" cellpadding=\"0\" cellspacing=\"0\" width=\"560\" style=\" border-collapse: collapse;\">\n					\n					<tr>\n						<td bgcolor=\"#EFEFEF\" style=\"padding: 50px 30px 0px 30px;\">\n							<table border=\"0\" cellpadding=\"0\" cellspacing=\"0\" width=\"100%\">\n								<tr>\n									<td align=\"center\" style=\"padding: 0 0 20px 0; color: #13222F; font-family:  Helvetica,sans-serif;font-weight: 200; font-size: 12px; line-height: 20px;\">\n										Dear {speaker_name},\n\n									</td>\n								</tr>\n								<tr>\n									\n									<td  align=\"center\" style=\"padding:0 0 50px 0;color: #13222F; font-family:  Helvetica,sans-serif;font-weight: 200; font-size: 12px; line-height: 20px;\">\n										{requestor_name} has requested for a new topic under {category_name} and we would need your advice in creating such a content. Please help with the following::\n\n									</td>\n								</tr>\n								<tr>\n									<td align=\"center\" style=\"border-bottom: 2px solid #13222F;\">\n										<img src=\"{url}assets/edm/req.png\" alt=\"Requirements\" width=\"132\" height=\"14\" style=\"display: block;\" />\n									</td>\n								</tr>\n								<tr>\n										<td align=\"center\" style=\"padding:10px 0 0 0;color: #13222F; font-family:  Helvetica,sans-serif;font-weight: 200; font-size: 12px; line-height: 20px;\">\n											<span style=\"font-weight: bold;\">Category</span>: {category_name} <br>\n											<span style=\"font-weight: bold;\">About the new topic</span>:{about} <br>\n											<span style=\"font-weight: bold;\">Reason(s) for the new topic</span>: {why}\n										</td>\n								</tr>\n								<tr>\n									<td style=\"padding:50px 0;\">\n										<table align=\"center\" border=\"0\" cellpadding=\"0\" cellspacing=\"0\" width=\"221\">\n												<td align=\"center\" style=\"font-family:  Helvetica,sans-serif;font-weight: normal; font-size: 12px;text-transform: uppercase;border:1px solid #13222F;height: 30px;\">\n												<a href=\"{url}\" style=\"text-decoration: none;color: #13222F; display: block;margin-top: 2px;\">VIEW DETAILS </a>\n												</td>\n										</table>\n									</td>\n								</tr>\n								<tr>\n									<td style=\"padding:0 0 30px 0;\">\n										<table align=\"center\" border=\"0\" cellpadding=\"0\" cellspacing=\"0\">\n												<td align=\"center\" style=\"font-family:  Helvetica,sans-serif;font-weight: normal; font-size: 12px;color:#13222F;\">\n													<b>Brought to you by:</b><br><br>\n													APAC Rolling Thunder Team\n												</td>\n										</table>\n									</td>\n								</tr>\n							</table>\n						</td>\n					</tr>\n					<tr>\n						<td>&nbsp;</td>\n					</tr>\n					<tr>\n						<td bgcolor=\"#00587b\" style=\"padding: 20px 0px 0 20px;\">\n							<table border=\"0\" cellpadding=\"0\" cellspacing=\"0\" width=\"100%\">\n								<tr>\n									<td width=\"220\" valign=\"top\" style=\"padding-top: 20px;\">\n										<table border=\"0\" cellpadding=\"0\" cellspacing=\"0\" width=\"100%\">\n											<tr>\n												\n													<td style=\"color:#fff;font-family:Helvetica,sans-serif;font-size: 14px;padding-bottom: 10px;\">Get SOCIAL with us</td>\n												\n											</tr>\n											<tr>\n												<td>\n													<table border=\"0\" cellpadding=\"0\" cellspacing=\"0\" width=\"150\">\n														<tr>\n															<td>\n																<table>\n																	<tr>\n																 		<td width=\"35\">\n																 			<a style=\"text-decoration:none;\" href=\"https://www.facebook.com/JuniperNetworks/\" target=\"_blank\">\n																	 		<img src=\"http://apacjuniper.net/assets/frontend/img/fb.png\" alt=\"Creating Email Magic\" width=\"32\" height=\"32\" style=\"display: block;padding:0;margin:0;\" />\n																	 		</a>\n																 		</td>\n																 		<td width=\"35\">\n																 			 <a style=\"text-decoration:none;\" href=\"https://twitter.com/JuniperNetworks/\" target=\"_blank\"><img src=\"http://apacjuniper.net/assets/frontend/img/tw.png\" style=\"display:block; margin:0; padding:0; line-height:0;border: 0\" width=\"32\" height=\"32\"></a>\n																 		</td>\n																 		<td width=\"35\">\n																	 			 <a style=\"text-decoration:none;\" href=\"https://www.youtube.com/user/JuniperNetworks\" target=\"_blank\"><img src=\"http://apacjuniper.net/assets/frontend/img/youtub.png\" style=\"display:block; margin:0; padding:0; line-height:0;border: 0\" width=\"32\" height=\"32\"></a>\n																	 		</td>\n																	 		<td width=\"35\">\n																	 			<a style=\"text-decoration:none;\" href=\"https://www.linkedin.com/company/juniper-networks\" target=\"_blank\"><img src=\"http://apacjuniper.net/assets/frontend/img/linkin.png\" style=\"display:block; margin:0; padding:0; line-height:0;border: 0\" width=\"32\" height=\"32\"></a>\n																	 		</td>\n																	 	</tr>\n																</table>\n															</td>\n														</tr>\n													</table>\n												</td>\n											</tr>\n										</table>\n									</td>\n									<td align=\"right\" width=\"350\">\n\n										<img src=\"{url}assets/edm/footer-tips.png\" alt=\"Creating Email Magic\" width=\"320\" height=\"85\" style=\"display: block;padding:0;margin:0;\" />\n									</td>\n								</tr>\n							</table>\n						</td>\n					</tr>\n					<tr>						\n                        <td bgcolor=\"#00587b\" style=\"padding:20px 0\">\n                         	<table align=\"right\" border=\"0\" cellpadding=\"0\" cellspacing=\"0\" width=\"84\">\n                         		<tr>\n                         			 <td align=\"right\" style=\"color:#fff;font-family:Helvetica,sans-serif;font-weight: normal; font-size: 12px;padding-right: 20px;\"><a href=\"http://www.juniper.net/us/en/\" style=\"color:#ffffff;text-decoration: none;\"\n                                  target=\"_blank\">www.juniper.net</a>\n                                  </td>\n                         		</tr>\n                         	</table>\n                     	</td>\n					</tr>\n					<tr>\n						<td>&nbsp;</td>\n					</tr>\n				</table>\n			</td>\n		</tr>\n	</table>\n\n<!--analytics-->\n<!-- <script src=\"http://code.jquery.com/jquery-1.10.1.min.js\"></script>\n<script src=\"http://tutsplus.github.io/github-analytics/ga-tracking.min.js\"></script> -->\n\n</body>\n</html>');

/*!40000 ALTER TABLE `email_templates` ENABLE KEYS */;
UNLOCK TABLES;


# Dump of table fund_transaction
# ------------------------------------------------------------

DROP TABLE IF EXISTS `fund_transaction`;

CREATE TABLE `fund_transaction` (
  `fund_transaction_id` int(11) NOT NULL AUTO_INCREMENT,
  `user_id` int(11) DEFAULT NULL,
  `bank_account_id` int(11) NOT NULL,
  `fund_transaction_type` int(2) NOT NULL COMMENT 'Credit / debit (Depost/withdraw)',
  `amount` decimal(15,2) NOT NULL,
  `dtstamp` datetime NOT NULL,
  `status` int(2) NOT NULL DEFAULT '0',
  PRIMARY KEY (`fund_transaction_id`)
) ENGINE=InnoDB DEFAULT CHARSET=latin1;

LOCK TABLES `fund_transaction` WRITE;
/*!40000 ALTER TABLE `fund_transaction` DISABLE KEYS */;

INSERT INTO `fund_transaction` (`fund_transaction_id`, `user_id`, `bank_account_id`, `fund_transaction_type`, `amount`, `dtstamp`, `status`)
VALUES
	(1,1,1,1,10000.00,'2018-04-25 00:00:00',1),
	(2,1,1,-1,5000.00,'2018-04-27 00:00:00',1);

/*!40000 ALTER TABLE `fund_transaction` ENABLE KEYS */;
UNLOCK TABLES;


# Dump of table groups
# ------------------------------------------------------------

DROP TABLE IF EXISTS `groups`;

CREATE TABLE `groups` (
  `id` mediumint(8) unsigned NOT NULL AUTO_INCREMENT,
  `name` varchar(20) NOT NULL,
  `description` varchar(100) NOT NULL,
  PRIMARY KEY (`id`)
) ENGINE=InnoDB DEFAULT CHARSET=utf8;

LOCK TABLES `groups` WRITE;
/*!40000 ALTER TABLE `groups` DISABLE KEYS */;

INSERT INTO `groups` (`id`, `name`, `description`)
VALUES
	(1,'admin','Super Administrator'),
	(2,'account manager','Account Manager'),
	(3,'property manager','Property Manager'),
	(4,'content manager','Content Manager'),
	(5,'user','User'),
	(6,'real estate agent','Real Estate Agent'),
	(7,'promoters','Promoters'),
	(8,'kyc_manager','KYC Manager');

/*!40000 ALTER TABLE `groups` ENABLE KEYS */;
UNLOCK TABLES;


# Dump of table investment_taxes
# ------------------------------------------------------------

DROP TABLE IF EXISTS `investment_taxes`;

CREATE TABLE `investment_taxes` (
  `investment_tax_id` int(11) unsigned NOT NULL AUTO_INCREMENT,
  `investment_id` int(11) DEFAULT NULL,
  PRIMARY KEY (`investment_tax_id`)
) ENGINE=InnoDB DEFAULT CHARSET=utf8;



# Dump of table login_attempts
# ------------------------------------------------------------

DROP TABLE IF EXISTS `login_attempts`;

CREATE TABLE `login_attempts` (
  `id` int(11) unsigned NOT NULL AUTO_INCREMENT,
  `ip_address` varchar(15) NOT NULL,
  `login` varchar(100) NOT NULL,
  `time` int(11) unsigned DEFAULT NULL,
  PRIMARY KEY (`id`)
) ENGINE=InnoDB DEFAULT CHARSET=utf8;

LOCK TABLES `login_attempts` WRITE;
/*!40000 ALTER TABLE `login_attempts` DISABLE KEYS */;

INSERT INTO `login_attempts` (`id`, `ip_address`, `login`, `time`)
VALUES
	(55,'116.197.188.14','bhuston@mailinator.com',1507783932),
	(57,'116.197.188.14','bhutson',1507790753),
	(58,'124.66.158.146','organizer@organizer.com',1507804032),
	(59,'124.66.158.146','abletan@juniper.net',1507806420),
	(60,'124.66.158.146','abletan@juniper.net',1507806434),
	(61,'124.66.158.146','abletan@juniper.net',1507806447),
	(62,'116.86.2.248','organizer@organizer.com',1507849830),
	(65,'116.86.2.248','organizer@organizer.com',1507852107);

/*!40000 ALTER TABLE `login_attempts` ENABLE KEYS */;
UNLOCK TABLES;


# Dump of table message
# ------------------------------------------------------------

DROP TABLE IF EXISTS `message`;

CREATE TABLE `message` (
  `message_id` int(11) NOT NULL AUTO_INCREMENT,
  `sender_id` int(11) NOT NULL,
  `recipient_id` int(11) NOT NULL,
  `property_id` int(11) NOT NULL,
  `message` text NOT NULL,
  `dtstamp` datetime NOT NULL,
  `status` int(2) NOT NULL DEFAULT '0',
  PRIMARY KEY (`message_id`)
) ENGINE=InnoDB DEFAULT CHARSET=latin1;



# Dump of table orders
# ------------------------------------------------------------

DROP TABLE IF EXISTS `orders`;

CREATE TABLE `orders` (
  `trade_id` int(11) unsigned NOT NULL AUTO_INCREMENT,
  `user_id` int(11) DEFAULT NULL,
  `property_id` int(11) DEFAULT NULL,
  `trust_id` int(11) DEFAULT NULL,
  `units` int(11) DEFAULT NULL,
  `final_amount` decimal(11,0) DEFAULT NULL,
  `amount_before_tax` decimal(11,0) DEFAULT NULL COMMENT 'raw amount (units * price per unit)',
  `platform_fee_percentage` decimal(10,0) DEFAULT NULL COMMENT 'percentage',
  `platform_fee_amount` decimal(10,0) DEFAULT NULL,
  `tax_percentage` decimal(10,0) DEFAULT NULL COMMENT 'percentage',
  `tax_amount` decimal(11,0) DEFAULT NULL,
  `status` int(11) DEFAULT NULL COMMENT '0=pending; 1=approve; 2=unfulfilled',
  `dtstamp` datetime DEFAULT NULL,
  PRIMARY KEY (`trade_id`)
) ENGINE=InnoDB DEFAULT CHARSET=utf8;

LOCK TABLES `orders` WRITE;
/*!40000 ALTER TABLE `orders` DISABLE KEYS */;

INSERT INTO `orders` (`trade_id`, `user_id`, `property_id`, `trust_id`, `units`, `final_amount`, `amount_before_tax`, `platform_fee_percentage`, `platform_fee_amount`, `tax_percentage`, `tax_amount`, `status`, `dtstamp`)
VALUES
	(1,1,1,1,1000,1210000,1000000,2,20000,19,190000,1,'2018-04-24 13:00:00'),
	(2,1,2,2,50,5000,NULL,NULL,NULL,NULL,NULL,0,NULL);

/*!40000 ALTER TABLE `orders` ENABLE KEYS */;
UNLOCK TABLES;


# Dump of table platform_fee_details
# ------------------------------------------------------------

DROP TABLE IF EXISTS `platform_fee_details`;

CREATE TABLE `platform_fee_details` (
  `platform_fee_detail_id` int(11) NOT NULL AUTO_INCREMENT,
  `platform_fee_id` int(11) NOT NULL,
  `user_id` int(11) NOT NULL,
  `amount` decimal(15,2) NOT NULL,
  `trade_id` int(11) NOT NULL,
  `date` datetime NOT NULL,
  `status` int(2) NOT NULL,
  PRIMARY KEY (`platform_fee_detail_id`)
) ENGINE=InnoDB DEFAULT CHARSET=latin1;



# Dump of table platform_fees
# ------------------------------------------------------------

DROP TABLE IF EXISTS `platform_fees`;

CREATE TABLE `platform_fees` (
  `platform_fee_id` int(11) NOT NULL AUTO_INCREMENT,
  `trust_cash_account_id` int(11) NOT NULL,
  `amount` decimal(15,2) NOT NULL,
  `date` datetime NOT NULL,
  `status` int(2) NOT NULL DEFAULT '0',
  PRIMARY KEY (`platform_fee_id`)
) ENGINE=InnoDB DEFAULT CHARSET=latin1;



# Dump of table promoter_commisions
# ------------------------------------------------------------

DROP TABLE IF EXISTS `promoter_commisions`;

CREATE TABLE `promoter_commisions` (
  `promoter_commission_id` int(11) NOT NULL AUTO_INCREMENT,
  `promoter_id` int(11) NOT NULL COMMENT 'user id from users table',
  `total_commisions` decimal(15,2) NOT NULL,
  PRIMARY KEY (`promoter_commission_id`)
) ENGINE=InnoDB DEFAULT CHARSET=latin1;



# Dump of table promoter_referrals
# ------------------------------------------------------------

DROP TABLE IF EXISTS `promoter_referrals`;

CREATE TABLE `promoter_referrals` (
  `promoter_referral_id` int(11) NOT NULL AUTO_INCREMENT,
  `promoter_id` int(11) NOT NULL COMMENT 'user id from users',
  `user_id` int(11) NOT NULL COMMENT 'user id from users',
  PRIMARY KEY (`promoter_referral_id`)
) ENGINE=InnoDB DEFAULT CHARSET=latin1;



# Dump of table promoter_transactions
# ------------------------------------------------------------

DROP TABLE IF EXISTS `promoter_transactions`;

CREATE TABLE `promoter_transactions` (
  `promoter_transaction_id` int(11) NOT NULL AUTO_INCREMENT,
  `promoter_referral_id` int(11) NOT NULL,
  `amount` decimal(15,2) NOT NULL,
  `type` int(2) NOT NULL DEFAULT '0',
  `date` datetime NOT NULL,
  `status` int(2) NOT NULL DEFAULT '0',
  PRIMARY KEY (`promoter_transaction_id`)
) ENGINE=InnoDB DEFAULT CHARSET=latin1;



# Dump of table properties
# ------------------------------------------------------------

DROP TABLE IF EXISTS `properties`;

CREATE TABLE `properties` (
  `property_id` int(11) NOT NULL AUTO_INCREMENT,
  `agent_id` int(11) DEFAULT NULL,
  `property_name` varchar(100) NOT NULL,
  `address` text NOT NULL,
  `district_id` int(11) NOT NULL DEFAULT '0',
  `developer` varchar(100) NOT NULL,
  `property_size` decimal(15,2) NOT NULL,
  `property_price` decimal(15,2) NOT NULL,
  `property_description` text NOT NULL,
  `sqft` int(11) NOT NULL,
  `bedrooms` int(11) NOT NULL,
  `baths` int(11) NOT NULL,
  `floor_level` varchar(100) NOT NULL,
  `furnishing` varchar(100) NOT NULL,
  `tenure` int(11) NOT NULL,
  `top` int(11) NOT NULL,
  `years` int(11) NOT NULL,
  `images` text NOT NULL,
  `tags` text NOT NULL,
  `dtstamp` datetime NOT NULL,
  `status` int(2) DEFAULT '0',
  PRIMARY KEY (`property_id`)
) ENGINE=InnoDB DEFAULT CHARSET=latin1;

LOCK TABLES `properties` WRITE;
/*!40000 ALTER TABLE `properties` DISABLE KEYS */;

INSERT INTO `properties` (`property_id`, `agent_id`, `property_name`, `address`, `district_id`, `developer`, `property_size`, `property_price`, `property_description`, `sqft`, `bedrooms`, `baths`, `floor_level`, `furnishing`, `tenure`, `top`, `years`, `images`, `tags`, `dtstamp`, `status`)
VALUES
	(1,1,'Orchard','Orchard Rd',1,'CapitaLand',1000.00,100000.00,'is simply dummy text of the printing and typesetting industry. Lorem Ipsum has been the industry\'s standard dummy text ever since the 1500s, when an unknown printer took a galley of type and scrambled it to make a type specimen book. It has survived not only five centuries, but also the leap into electronic typesetting, remaining essentially unchanged. It was popularised in the 1960s with the release of Letraset sheets containing Lorem Ipsum passages, and more recently with desktop publishing software like Aldus PageMaker including versions of Lorem Ipsum',200,2,1,'','',0,0,0,'{\"159c83e78c6d18d5a15ca13c1e545be5\":{\"filename\":\"http:\\/\\/localhost:81\\/microproperties\\/uploads\\/images\\/thumbnails\\/159c83e78c6d18d5a15ca13c1e545be5.jpg\",\"caption\":\"\",\"alt\":\"\",\"sort_order\":\"1\"}}','Income,Growth','2018-04-12 00:00:00',0),
	(2,2,'Shaw Towers','Chinatown',2,'HDB',1000.00,200000.00,'is simply dummy text of the printing and typesetting industry. Lorem Ipsum has been the industry\'s standard dummy text ever since the 1500s, when an unknown printer took a galley of type and scrambled it to make a type specimen book. It has survived not only five centuries, but also the leap into electronic typesetting, remaining essentially unchanged. It was popularised in the 1960s with the release of Letraset sheets containing Lorem Ipsum passages, and more recently with desktop publishing software like Aldus PageMaker including versions of Lorem Ipsum',1000,2,2,'','',0,0,0,'{\"159c83e78c6d18d5a15ca13c1e545be5\":{\"filename\":\"http:\\/\\/localhost:81\\/microproperties\\/uploads\\/images\\/thumbnails\\/159c83e78c6d18d5a15ca13c1e545be5.jpg\",\"caption\":\"\",\"alt\":\"\",\"sort_order\":\"1\"}}','Value,Luxury','0000-00-00 00:00:00',0),
	(3,1,'Lucky Plaza','Orchard Rd',3,'CapitaLand',1000.00,300000.00,'is simply dummy text of the printing and typesetting industry. Lorem Ipsum has been the industry\'s standard dummy text ever since the 1500s, when an unknown printer took a galley of type and scrambled it to make a type specimen book. It has survived not only five centuries, but also the leap into electronic typesetting, remaining essentially unchanged. It was popularised in the 1960s with the release of Letraset sheets containing Lorem Ipsum passages, and more recently with desktop publishing software like Aldus PageMaker including versions of Lorem Ipsum',2220,2,1,'','',0,0,0,'{\"159c83e78c6d18d5a15ca13c1e545be5\":{\"filename\":\"http:\\/\\/localhost:81\\/microproperties\\/uploads\\/images\\/thumbnails\\/159c83e78c6d18d5a15ca13c1e545be5.jpg\",\"caption\":\"\",\"alt\":\"\",\"sort_order\":\"1\"}}','Income,Growth','2018-04-12 00:00:00',0),
	(4,2,'ION','Sim Lim',4,'HDB',1000.00,400000.00,'is simply dummy text of the printing and typesetting industry. Lorem Ipsum has been the industry\'s standard dummy text ever since the 1500s, when an unknown printer took a galley of type and scrambled it to make a type specimen book. It has survived not only five centuries, but also the leap into electronic typesetting, remaining essentially unchanged. It was popularised in the 1960s with the release of Letraset sheets containing Lorem Ipsum passages, and more recently with desktop publishing software like Aldus PageMaker including versions of Lorem Ipsum',3330,2,1,'','',0,0,0,'{\"159c83e78c6d18d5a15ca13c1e545be5\":{\"filename\":\"http:\\/\\/localhost:81\\/microproperties\\/uploads\\/images\\/thumbnails\\/159c83e78c6d18d5a15ca13c1e545be5.jpg\",\"caption\":\"\",\"alt\":\"\",\"sort_order\":\"1\"}}','Growth,Entry','0000-00-00 00:00:00',0),
	(5,1,'Somerset','Orchard Rd',5,'CapitaLand',1000.00,500000.00,'is simply dummy text of the printing and typesetting industry. Lorem Ipsum has been the industry\'s standard dummy text ever since the 1500s, when an unknown printer took a galley of type and scrambled it to make a type specimen book. It has survived not only five centuries, but also the leap into electronic typesetting, remaining essentially unchanged. It was popularised in the 1960s with the release of Letraset sheets containing Lorem Ipsum passages, and more recently with desktop publishing software like Aldus PageMaker including versions of Lorem Ipsum',4440,3,1,'','',0,0,0,'{\"159c83e78c6d18d5a15ca13c1e545be5\":{\"filename\":\"http:\\/\\/localhost:81\\/microproperties\\/uploads\\/images\\/thumbnails\\/159c83e78c6d18d5a15ca13c1e545be5.jpg\",\"caption\":\"\",\"alt\":\"\",\"sort_order\":\"1\"}}','Entry,Value','2018-04-12 00:00:00',0),
	(6,2,'Red Dot','Tanjong Pagar',6,'HDB',1000.00,600000.00,'is simply dummy text of the printing and typesetting industry. Lorem Ipsum has been the industry\'s standard dummy text ever since the 1500s, when an unknown printer took a galley of type and scrambled it to make a type specimen book. It has survived not only five centuries, but also the leap into electronic typesetting, remaining essentially unchanged. It was popularised in the 1960s with the release of Letraset sheets containing Lorem Ipsum passages, and more recently with desktop publishing software like Aldus PageMaker including versions of Lorem Ipsum',55550,5,1,'','',0,0,0,'{\"159c83e78c6d18d5a15ca13c1e545be5\":{\"filename\":\"http:\\/\\/localhost:81\\/microproperties\\/uploads\\/images\\/thumbnails\\/159c83e78c6d18d5a15ca13c1e545be5.jpg\",\"caption\":\"\",\"alt\":\"\",\"sort_order\":\"1\"}}','Growth,New Release','0000-00-00 00:00:00',0),
	(7,1,'AMK Hub','Ang Mo Kio',6,'CapitaLand',1000.00,700000.00,'is simply dummy text of the printing and typesetting industry. Lorem Ipsum has been the industry\'s standard dummy text ever since the 1500s, when an unknown printer took a galley of type and scrambled it to make a type specimen book. It has survived not only five centuries, but also the leap into electronic typesetting, remaining essentially unchanged. It was popularised in the 1960s with the release of Letraset sheets containing Lorem Ipsum passages, and more recently with desktop publishing software like Aldus PageMaker including versions of Lorem Ipsum',6660,3,2,'','',0,0,0,'{\"159c83e78c6d18d5a15ca13c1e545be5\":{\"filename\":\"http:\\/\\/localhost:81\\/microproperties\\/uploads\\/images\\/thumbnails\\/159c83e78c6d18d5a15ca13c1e545be5.jpg\",\"caption\":\"\",\"alt\":\"\",\"sort_order\":\"1\"}}','Income,Growth','2018-04-12 00:00:00',0),
	(8,1,'Punggol','Chinatown',1,'HDB',1000.00,900000.00,'is simply dummy text of the printing and typesetting industry. Lorem Ipsum has been the industry\'s standard dummy text ever since the 1500s, when an unknown printer took a galley of type and scrambled it to make a type specimen book. It has survived not only five centuries, but also the leap into electronic typesetting, remaining essentially unchanged. It was popularised in the 1960s with the release of Letraset sheets containing Lorem Ipsum passages, and more recently with desktop publishing software like Aldus PageMaker including versions of Lorem Ipsum',7770,3,3,'','',0,0,0,'{\"159c83e78c6d18d5a15ca13c1e545be5\":{\"filename\":\"http:\\/\\/localhost:81\\/microproperties\\/uploads\\/images\\/thumbnails\\/159c83e78c6d18d5a15ca13c1e545be5.jpg\",\"caption\":\"\",\"alt\":\"\",\"sort_order\":\"1\"}}','Value,Luxury','0000-00-00 00:00:00',0),
	(9,1,'NEX','Orchard Rd',1,'CapitaLand',1000.00,1000000.00,'is simply dummy text of the printing and typesetting industry. Lorem Ipsum has been the industry\'s standard dummy text ever since the 1500s, when an unknown printer took a galley of type and scrambled it to make a type specimen book. It has survived not only five centuries, but also the leap into electronic typesetting, remaining essentially unchanged. It was popularised in the 1960s with the release of Letraset sheets containing Lorem Ipsum passages, and more recently with desktop publishing software like Aldus PageMaker including versions of Lorem Ipsum',88880,3,1,'','',0,0,0,'{\"159c83e78c6d18d5a15ca13c1e545be5\":{\"filename\":\"http:\\/\\/localhost:81\\/microproperties\\/uploads\\/images\\/thumbnails\\/159c83e78c6d18d5a15ca13c1e545be5.jpg\",\"caption\":\"\",\"alt\":\"\",\"sort_order\":\"1\"}}','Income,Growth','2018-04-12 00:00:00',0),
	(10,3,'Lucky Plaza','Sim Lim',3,'HDB',1000.00,1100000.00,'is simply dummy text of the printing and typesetting industry. Lorem Ipsum has been the industry\'s standard dummy text ever since the 1500s, when an unknown printer took a galley of type and scrambled it to make a type specimen book. It has survived not only five centuries, but also the leap into electronic typesetting, remaining essentially unchanged. It was popularised in the 1960s with the release of Letraset sheets containing Lorem Ipsum passages, and more recently with desktop publishing software like Aldus PageMaker including versions of Lorem Ipsum',9990,1,1,'','',0,0,0,'{\"159c83e78c6d18d5a15ca13c1e545be5\":{\"filename\":\"http:\\/\\/localhost:81\\/microproperties\\/uploads\\/images\\/thumbnails\\/159c83e78c6d18d5a15ca13c1e545be5.jpg\",\"caption\":\"\",\"alt\":\"\",\"sort_order\":\"1\"}}','Growth,Entry','0000-00-00 00:00:00',0),
	(11,3,'Queens Town','Orchard Rd',7,'CapitaLand',1000.00,1200000.00,'is simply dummy text of the printing and typesetting industry. Lorem Ipsum has been the industry\'s standard dummy text ever since the 1500s, when an unknown printer took a galley of type and scrambled it to make a type specimen book. It has survived not only five centuries, but also the leap into electronic typesetting, remaining essentially unchanged. It was popularised in the 1960s with the release of Letraset sheets containing Lorem Ipsum passages, and more recently with desktop publishing software like Aldus PageMaker including versions of Lorem Ipsum',20000,2,1,'','',0,0,0,'{\"159c83e78c6d18d5a15ca13c1e545be5\":{\"filename\":\"http:\\/\\/localhost:81\\/microproperties\\/uploads\\/images\\/thumbnails\\/159c83e78c6d18d5a15ca13c1e545be5.jpg\",\"caption\":\"\",\"alt\":\"\",\"sort_order\":\"1\"}}','Entry,Value','2018-04-12 00:00:00',0),
	(12,3,'Holland Village','Tanjong Pagar',8,'HDB',1000.00,1300000.00,'is simply dummy text of the printing and typesetting industry. Lorem Ipsum has been the industry\'s standard dummy text ever since the 1500s, when an unknown printer took a galley of type and scrambled it to make a type specimen book. It has survived not only five centuries, but also the leap into electronic typesetting, remaining essentially unchanged. It was popularised in the 1960s with the release of Letraset sheets containing Lorem Ipsum passages, and more recently with desktop publishing software like Aldus PageMaker including versions of Lorem Ipsum',10000,3,2,'','',0,0,0,'{\"5671a305dad9254b30e0ee9ab8d8d18e\":{\"filename\":\"5671a305dad9254b30e0ee9ab8d8d18e.jpg\",\"image_id\":\"5671a305dad9254b30e0ee9ab8d8d18e\",\"caption\":\"\",\"alt\":\"\",\"sort_order\":\"1\"}}','Growth,New Release','0000-00-00 00:00:00',0);

/*!40000 ALTER TABLE `properties` ENABLE KEYS */;
UNLOCK TABLES;


# Dump of table property_images
# ------------------------------------------------------------

DROP TABLE IF EXISTS `property_images`;

CREATE TABLE `property_images` (
  `property_image_id` int(11) unsigned NOT NULL AUTO_INCREMENT,
  `property_id` int(11) DEFAULT NULL,
  `image_id` varchar(50) DEFAULT NULL,
  `filename` varchar(100) DEFAULT NULL,
  `caption` varchar(100) DEFAULT NULL,
  `alt` varchar(100) DEFAULT NULL,
  `sort_order` int(11) DEFAULT NULL,
  `is_default` int(11) DEFAULT NULL,
  `dtstamp` datetime DEFAULT NULL,
  PRIMARY KEY (`property_image_id`)
) ENGINE=InnoDB DEFAULT CHARSET=utf8;

LOCK TABLES `property_images` WRITE;
/*!40000 ALTER TABLE `property_images` DISABLE KEYS */;

INSERT INTO `property_images` (`property_image_id`, `property_id`, `image_id`, `filename`, `caption`, `alt`, `sort_order`, `is_default`, `dtstamp`)
VALUES
	(27,12,'5671a305dad9254b30e0ee9ab8d8d18e','5671a305dad9254b30e0ee9ab8d8d18e.jpg','','',1,NULL,'2018-08-06 04:25:33');

/*!40000 ALTER TABLE `property_images` ENABLE KEYS */;
UNLOCK TABLES;


# Dump of table property_valuation
# ------------------------------------------------------------

DROP TABLE IF EXISTS `property_valuation`;

CREATE TABLE `property_valuation` (
  `id` int(11) unsigned NOT NULL AUTO_INCREMENT,
  `property_id` int(11) DEFAULT NULL,
  `value` int(11) DEFAULT NULL,
  `date` date DEFAULT NULL,
  `dtstamp` datetime DEFAULT NULL,
  PRIMARY KEY (`id`)
) ENGINE=InnoDB DEFAULT CHARSET=utf8;

LOCK TABLES `property_valuation` WRITE;
/*!40000 ALTER TABLE `property_valuation` DISABLE KEYS */;

INSERT INTO `property_valuation` (`id`, `property_id`, `value`, `date`, `dtstamp`)
VALUES
	(1,1,1000000,'2018-05-08',NULL),
	(2,1,1000100,'2018-06-07',NULL);

/*!40000 ALTER TABLE `property_valuation` ENABLE KEYS */;
UNLOCK TABLES;


# Dump of table real_estate_agents
# ------------------------------------------------------------

DROP TABLE IF EXISTS `real_estate_agents`;

CREATE TABLE `real_estate_agents` (
  `agent_id` int(11) unsigned NOT NULL AUTO_INCREMENT,
  `license_id` varchar(50) DEFAULT NULL,
  `first_name` varchar(50) DEFAULT NULL,
  `last_name` varchar(50) DEFAULT NULL,
  `contact_number` varchar(50) DEFAULT NULL,
  `email` varchar(50) DEFAULT '',
  PRIMARY KEY (`agent_id`)
) ENGINE=InnoDB DEFAULT CHARSET=utf8;



# Dump of table trades
# ------------------------------------------------------------

DROP TABLE IF EXISTS `trades`;

CREATE TABLE `trades` (
  `trade_id` int(11) unsigned NOT NULL AUTO_INCREMENT,
  `user_id` int(11) DEFAULT NULL,
  `property_id` int(11) DEFAULT NULL,
  `trust_id` int(11) DEFAULT NULL,
  `units` int(11) DEFAULT NULL,
  `final_amount` decimal(11,0) DEFAULT NULL,
  `amount_before_tax` decimal(11,0) DEFAULT NULL COMMENT 'raw amount (units * price per unit)',
  `platform_fee_amount` decimal(10,0) DEFAULT NULL,
  `tax_percentage` decimal(10,0) DEFAULT NULL COMMENT 'percentage',
  `tax_amount` decimal(11,0) DEFAULT NULL,
  `status` int(11) DEFAULT NULL COMMENT '0=pending; 1=approve; 2=unfulfilled',
  `dtstamp` datetime DEFAULT NULL,
  PRIMARY KEY (`trade_id`)
) ENGINE=InnoDB DEFAULT CHARSET=utf8;

LOCK TABLES `trades` WRITE;
/*!40000 ALTER TABLE `trades` DISABLE KEYS */;

INSERT INTO `trades` (`trade_id`, `user_id`, `property_id`, `trust_id`, `units`, `final_amount`, `amount_before_tax`, `platform_fee_amount`, `tax_percentage`, `tax_amount`, `status`, `dtstamp`)
VALUES
	(1,1,1,1,1000,1210000,1000000,20000,19,190000,-1,'2018-04-24 13:00:00'),
	(2,1,2,2,25,5200,5000,NULL,NULL,NULL,NULL,NULL),
	(3,2,2,2,25,5200,5000,NULL,NULL,NULL,NULL,NULL),
	(4,8,1,1,1000,1520000,1500000,NULL,NULL,NULL,NULL,NULL);

/*!40000 ALTER TABLE `trades` ENABLE KEYS */;
UNLOCK TABLES;


# Dump of table trust_accounts
# ------------------------------------------------------------

DROP TABLE IF EXISTS `trust_accounts`;

CREATE TABLE `trust_accounts` (
  `trust_id` int(11) unsigned NOT NULL AUTO_INCREMENT,
  `property_id` int(11) DEFAULT NULL,
  `units_issued` int(11) DEFAULT NULL,
  `price_per_unit` decimal(10,2) DEFAULT NULL,
  `ammortised_tax_months` int(11) DEFAULT NULL COMMENT '10years = 120; 20 years = 240',
  `cash_buffer` decimal(10,2) DEFAULT NULL COMMENT 'amount',
  `platform_fee_percentage` decimal(10,2) DEFAULT NULL,
  PRIMARY KEY (`trust_id`)
) ENGINE=InnoDB DEFAULT CHARSET=utf8;

LOCK TABLES `trust_accounts` WRITE;
/*!40000 ALTER TABLE `trust_accounts` DISABLE KEYS */;

INSERT INTO `trust_accounts` (`trust_id`, `property_id`, `units_issued`, `price_per_unit`, `ammortised_tax_months`, `cash_buffer`, `platform_fee_percentage`)
VALUES
	(1,1,1000,1000.00,120,20000.00,2.00),
	(2,2,50,10000.00,120,10000.00,2.00),
	(3,12,240,10000.00,1000,200000.00,9.00);

/*!40000 ALTER TABLE `trust_accounts` ENABLE KEYS */;
UNLOCK TABLES;


# Dump of table trust_cash_accounts
# ------------------------------------------------------------

DROP TABLE IF EXISTS `trust_cash_accounts`;

CREATE TABLE `trust_cash_accounts` (
  `trust_account_id` int(11) NOT NULL AUTO_INCREMENT,
  `trust_id` int(11) DEFAULT NULL,
  `amount` decimal(15,2) NOT NULL,
  `dtstamp` datetime NOT NULL,
  `status` int(2) NOT NULL DEFAULT '0',
  `for_distribution` int(1) NOT NULL DEFAULT '0',
  PRIMARY KEY (`trust_account_id`)
) ENGINE=InnoDB DEFAULT CHARSET=latin1;

LOCK TABLES `trust_cash_accounts` WRITE;
/*!40000 ALTER TABLE `trust_cash_accounts` DISABLE KEYS */;

INSERT INTO `trust_cash_accounts` (`trust_account_id`, `trust_id`, `amount`, `dtstamp`, `status`, `for_distribution`)
VALUES
	(1,1,20000.00,'0000-00-00 00:00:00',0,0),
	(2,1,3000.00,'2018-04-01 00:00:00',0,0),
	(3,1,3000.00,'2018-05-01 00:00:00',0,0),
	(4,1,-1000.00,'2018-06-01 00:00:00',0,0),
	(5,1,-5000.00,'2018-07-01 00:00:00',0,1);

/*!40000 ALTER TABLE `trust_cash_accounts` ENABLE KEYS */;
UNLOCK TABLES;


# Dump of table user_finances
# ------------------------------------------------------------

DROP TABLE IF EXISTS `user_finances`;

CREATE TABLE `user_finances` (
  `id` int(11) unsigned NOT NULL AUTO_INCREMENT,
  `user_id` int(11) DEFAULT NULL,
  `current_credits` decimal(10,0) DEFAULT NULL,
  `last_updated` datetime DEFAULT NULL,
  PRIMARY KEY (`id`)
) ENGINE=InnoDB DEFAULT CHARSET=utf8;

LOCK TABLES `user_finances` WRITE;
/*!40000 ALTER TABLE `user_finances` DISABLE KEYS */;

INSERT INTO `user_finances` (`id`, `user_id`, `current_credits`, `last_updated`)
VALUES
	(1,1,5000,'2017-04-27 00:00:00');

/*!40000 ALTER TABLE `user_finances` ENABLE KEYS */;
UNLOCK TABLES;


# Dump of table users
# ------------------------------------------------------------

DROP TABLE IF EXISTS `users`;

CREATE TABLE `users` (
  `id` int(11) unsigned NOT NULL AUTO_INCREMENT,
  `userkey` varchar(100) DEFAULT NULL,
  `ip_address` varchar(45) NOT NULL,
  `username` varchar(100) DEFAULT NULL,
  `password` varchar(255) NOT NULL,
  `salt` varchar(255) DEFAULT NULL,
  `email` varchar(100) NOT NULL,
  `activation_code` varchar(40) DEFAULT NULL,
  `forgotten_password_code` varchar(40) DEFAULT NULL,
  `forgotten_password_time` int(11) unsigned DEFAULT NULL,
  `remember_code` varchar(40) DEFAULT NULL,
  `created_on` datetime NOT NULL,
  `last_login` datetime DEFAULT NULL,
  `active` tinyint(1) unsigned DEFAULT NULL,
  `first_name` varchar(50) DEFAULT NULL,
  `last_name` varchar(50) DEFAULT NULL,
  `identification_number` varchar(15) DEFAULT NULL,
  `phone` varchar(20) DEFAULT NULL,
  `postal_code` varchar(10) DEFAULT NULL,
  `dob` date DEFAULT NULL,
  `address` text,
  `unit_number` varchar(50) DEFAULT NULL,
  `nationality` varchar(100) DEFAULT NULL,
  `race` varchar(100) DEFAULT NULL,
  `religion` varchar(100) DEFAULT NULL,
  `billing_scan` varchar(100) DEFAULT NULL,
  `id_scan` varchar(100) DEFAULT NULL,
  `id_scan_back` varchar(50) DEFAULT NULL,
  `profile_photo` text,
  `agency` varchar(200) DEFAULT NULL,
  `is_complete` int(2) NOT NULL DEFAULT '0' COMMENT '0=waiting for KYC; 1=complete; 2=pending for approval; 3=rejected',
  `for_approval` int(2) NOT NULL DEFAULT '0',
  `reason_for_rejection` varchar(255) NOT NULL,
  `kyc_status` int(1) DEFAULT '0' COMMENT '0=pending; 1=approved; 2=reject',
  `is_password_updated` int(2) NOT NULL DEFAULT '0',
  `newsletter` int(2) NOT NULL DEFAULT '0',
  `status` enum('registered','verified','disabled') NOT NULL DEFAULT 'registered',
  PRIMARY KEY (`id`)
) ENGINE=InnoDB DEFAULT CHARSET=utf8;

LOCK TABLES `users` WRITE;
/*!40000 ALTER TABLE `users` DISABLE KEYS */;

INSERT INTO `users` (`id`, `userkey`, `ip_address`, `username`, `password`, `salt`, `email`, `activation_code`, `forgotten_password_code`, `forgotten_password_time`, `remember_code`, `created_on`, `last_login`, `active`, `first_name`, `last_name`, `identification_number`, `phone`, `postal_code`, `dob`, `address`, `unit_number`, `nationality`, `race`, `religion`, `billing_scan`, `id_scan`, `id_scan_back`, `profile_photo`, `agency`, `is_complete`, `for_approval`, `reason_for_rejection`, `kyc_status`, `is_password_updated`, `newsletter`, `status`)
VALUES
	(1,'','127.0.0.1','admin@admin.com','$2a$07$SeBknntpZror9uyftVopmu61qg0ms8Qv1yV6FG.kQOSM.9QhmTo36','','admin@admin.com','',NULL,NULL,NULL,'0000-00-00 00:00:00','2018-08-06 11:58:02',1,'Mark','Estocapio','S8379809B','98591756','550502','2018-08-25','Blk 502 Serangoon North Ave 4, #02-502','#02-502','Singapore','Filipino','Catholic','91395b862.png','6283cdb6.png','91395b861.png','',NULL,0,0,'',0,0,0,'registered'),
	(2,'','::1','dino@unicomi.com','$2y$08$09a0WqM1e0pV3mXgPUtawOMcEJvUHIJ9TUnTm01ny0sy2adhDqmCW',NULL,'dino@unicomi.com',NULL,NULL,NULL,NULL,'0000-00-00 00:00:00',NULL,1,'Dino','Test','0',NULL,'0','0000-00-00','','0','','','','','',NULL,'339e5772.jpg',NULL,0,0,'',0,0,0,'registered'),
	(3,'','::1','rhea@test.com','$2y$08$6L939nb0PFB3LRs2oTB3H.oHITB2tzOMpwpedEIsWI5jndZfD4U2W',NULL,'rhea@test.com',NULL,NULL,NULL,NULL,'0000-00-00 00:00:00',NULL,1,'Rhea D','Test','0',NULL,'0','0000-00-00','','0','','','','','',NULL,'8d966e6e.jpg',NULL,0,0,'',0,0,0,'registered'),
	(4,'','::1','dinouser@mail.com','$2a$07$SeBknntpZror9uyftVopmu61qg0ms8Qv1yV6FG.kQOSM.9QhmTo36',NULL,'dinouser@mail.com',NULL,NULL,NULL,NULL,'0000-00-00 00:00:00','2018-07-07 00:03:22',1,'Dino','Carino','0',NULL,'0','0000-00-00','','0','','','','','',NULL,'26460861.jpg',NULL,0,0,'',0,0,0,'registered'),
	(5,'','::1','accountmanager@dino.com','$2y$08$VA9IbUKH0I/Y9aXfzQVYGOfc0.FX2Ho2t9B.TuTwRS6z/kOCeEa9W',NULL,'accountmanager@dino.com',NULL,NULL,NULL,NULL,'0000-00-00 00:00:00',NULL,1,'Account Manager','Dino','0',NULL,'0','0000-00-00','','0','','','','','',NULL,'1c831980.jpg',NULL,0,0,'',0,0,0,'registered'),
	(6,'','::1','contentmanager@mail.com','$2y$08$zauyrTKM8i2bXQ/mPBTtZeTNYy9RDnhIlFHrAaqAZIBKGqtxEH0EG',NULL,'contentmanager@mail.com',NULL,NULL,NULL,NULL,'0000-00-00 00:00:00',NULL,1,'Content','Manager','0',NULL,'0','0000-00-00','','0','','','','','',NULL,'21126283_1933068833600223_7861039776709738496_n.gif',NULL,0,0,'',0,0,0,'registered'),
	(7,'','::1','propertymanager@mail.com','$2y$08$uVlkv34peXRkgq8TtOwhbOQGtxjx8GnrtbQS5Z2A4RrnMK7OpyrKm',NULL,'propertymanager@mail.com',NULL,NULL,NULL,NULL,'0000-00-00 00:00:00',NULL,1,'Property','Manager','0',NULL,'0','0000-00-00','','0','','','','','',NULL,'69e83619.png',NULL,0,0,'',0,0,0,'registered'),
	(8,'','::1','dino@unicomi.com','$2y$08$iSpbCYT0vnNg5pfaiWGbRePLepOwDYStTBPMh94qywUy6WLRzcMcO',NULL,'dino@unicomi.com','Q0G2M0C2I052E072',NULL,NULL,NULL,'0000-00-00 00:00:00','2018-07-02 14:54:33',1,'Dino',NULL,'0',NULL,'0','0000-00-00','','0','','','','','',NULL,'',NULL,0,0,'',0,0,0,'registered'),
	(9,'','::1','promoter@mailer.com','$2y$08$.gV6AlfK8f/bOOdIup7Fw.GP7/f2zpkHhjBf.k4gDXpH/fMSUTEmG',NULL,'promoter@mailer.com',NULL,NULL,NULL,NULL,'0000-00-00 00:00:00',NULL,1,'Promoter','Promoter','0',NULL,'0','0000-00-00','','0','','','','','',NULL,'',NULL,0,0,'',0,0,0,'registered'),
	(10,'','::1','jan@unicomi.com','$2a$07$SeBknntpZror9uyftVopmu61qg0ms8Qv1yV6FG.kQOSM.9QhmTo36',NULL,'jan@unicomi.com',NULL,NULL,NULL,NULL,'2018-07-02 16:12:08','2018-07-27 07:22:19',1,'Jan Rey','Nanat','20180001','09071532011','2518','1990-01-11','Luna, La Union','125','Filipino','Filipino','Roman Catholic','','',NULL,'',NULL,0,0,'',0,0,0,'registered'),
	(11,NULL,'::1','jrnanat@gmail.com','$2y$08$Ij2/SHCpDWDvt5mY3CeUlOTT1048Yx1bSm9ImSl67Tz4mvBPb9NHy',NULL,'jrnanat@gmail.com',NULL,NULL,NULL,NULL,'2018-07-18 04:57:13',NULL,1,'Jan Rey','Nanat',NULL,NULL,NULL,NULL,NULL,NULL,NULL,NULL,NULL,NULL,NULL,NULL,'323f63c5.png',NULL,0,0,'',0,0,0,'registered'),
	(12,NULL,'::1','jan@mail.com','$2y$08$yREGqhZ5vP89PFZLZuly1Orga1CO3ceEZoKuGDG5VNa1MXX0WPAAu',NULL,'jan@mail.com',NULL,NULL,NULL,NULL,'2018-07-18 06:12:46',NULL,1,'Jan','Navalta',NULL,NULL,NULL,NULL,NULL,NULL,NULL,NULL,NULL,NULL,NULL,NULL,'95d9c1ad.png',NULL,0,0,'',0,0,0,'registered'),
	(13,NULL,'::1','jr@mail.com','$2y$08$RY0cIGFhnwXtp7PFpd99YubrPgQFtxA6XZ2rHH1MD7sai6aEAmdP2',NULL,'jr@mail.com',NULL,NULL,NULL,NULL,'2018-07-20 02:32:19',NULL,1,'Jan Rey','Nanat',NULL,NULL,NULL,NULL,NULL,NULL,NULL,NULL,NULL,NULL,NULL,NULL,'160bdd6c.png',NULL,0,0,'',0,0,0,'registered'),
	(14,NULL,'::1','mestocapio@gmail.com','$2y$08$g8rQwFA8lDDkBpKtyrQCR.qRbBNLKRgEz3cgu.fgzRcPnzJrQ0cj.',NULL,'mestocapio@gmail.com','',NULL,NULL,NULL,'2018-07-31 04:40:00','2018-08-02 16:49:41',1,'Mark234','234234','4','243','243','1983-04-01','234','234','dfgfg','','','1f2160e72.png','82e3c4b92.png','1f2160e71.png',NULL,NULL,0,0,'',0,0,0,'verified'),
	(15,NULL,'::1','mestocapio2@gmail.com','$2y$08$aKuSR.peNJYJcFZedrufS.kbsuOBfNrTOkqR/8TnoxoAfNR.x/fDy',NULL,'mestocapio2@gmail.com','N140P2I3V2Z0U150',NULL,NULL,NULL,'2018-07-31 04:43:21',NULL,1,'Mark',NULL,NULL,NULL,NULL,NULL,NULL,NULL,NULL,NULL,NULL,NULL,NULL,NULL,NULL,NULL,0,0,'',0,0,0,'registered'),
	(16,NULL,'::1','mestocapio222@gmail.com','$2y$08$Gi3I/qk15NS5TbIgnxSMPeM/vM3ywFbuw0kbXD.ovgDvTgQ9pp2yq',NULL,'mestocapio222@gmail.com','3Y0L2U1H1C2N3514',NULL,NULL,NULL,'2018-07-31 04:59:54',NULL,1,'Mark',NULL,NULL,NULL,NULL,NULL,NULL,NULL,NULL,NULL,NULL,NULL,NULL,NULL,NULL,NULL,0,0,'',0,0,0,'registered'),
	(17,NULL,'::1','kyc@admin.com','$2a$07$SeBknntpZror9uyftVopmu61qg0ms8Qv1yV6FG.kQOSM.9QhmTo36',NULL,'kyc@admin.com',NULL,NULL,NULL,NULL,'2018-08-02 05:16:42','2018-08-08 17:34:02',1,'Admin','2',NULL,NULL,NULL,NULL,NULL,NULL,NULL,NULL,NULL,NULL,NULL,NULL,'',NULL,0,0,'',0,0,0,'registered'),
	(18,NULL,'::1','mestocapio@gmail.comx','$2y$08$u8E7Ou7WsKxhiQDUy4cHm.ExmvDB9ltoThcbWwCOAmLD/BFLl4ODy',NULL,'mestocapio@gmail.comx','0E3K3O37351R3L0W',NULL,NULL,NULL,'2018-08-03 03:48:06',NULL,1,'Mark',NULL,NULL,NULL,NULL,NULL,NULL,NULL,NULL,NULL,NULL,NULL,NULL,NULL,NULL,NULL,0,0,'',0,0,0,'registered'),
	(19,NULL,'::1','mestocapio@gmail.comxx','$2y$08$HZ5EnGhLV5P7UnYSpQDbbOYpjOCad1dTsaeh2BK9EIXO2QZvbFK8O',NULL,'mestocapio@gmail.comxx','3H1C2V3G0P1W0O08',NULL,NULL,NULL,'2018-08-03 03:50:02',NULL,1,'Mark',NULL,NULL,NULL,NULL,NULL,NULL,NULL,NULL,NULL,NULL,NULL,NULL,NULL,NULL,NULL,0,0,'',0,0,0,'registered'),
	(20,NULL,'::1','xmestocapio@gmail.com','$2y$08$zMe09pPijBjyDldcT7tIOuW6nKnWTwgVSQvK9efSpxg7E81R6j122',NULL,'xmestocapio@gmail.com','0L2J1438342S0I3W',NULL,NULL,NULL,'2018-08-03 03:51:56',NULL,1,'Mark',NULL,NULL,NULL,NULL,NULL,NULL,NULL,NULL,NULL,NULL,NULL,NULL,NULL,NULL,NULL,0,0,'',0,0,0,'registered'),
	(21,NULL,'::1','mestocapio@gmail.comxxxxxxx','$2y$08$gJHw3RxLpDmekkHQ8Jmgdu0U2OYED32f6.RMbUtX4M7fFNhGUKRYa',NULL,'mestocapio@gmail.comxxxxxxx','2K161S0D2W0W3E1M',NULL,NULL,NULL,'2018-08-03 05:13:08',NULL,1,'Mark',NULL,NULL,NULL,NULL,NULL,NULL,NULL,NULL,NULL,NULL,NULL,NULL,NULL,NULL,NULL,0,0,'',0,0,0,'registered'),
	(22,NULL,'::1','mestocapioxxxxxxx@gmail.com','$2y$08$JWq/deFS88PCTViSi2w6w.jib6AOGhIGEuFc64CiF1lf2RfB4y5im',NULL,'mestocapioxxxxxxx@gmail.com','83D2K2O3W0R0U0M0',NULL,NULL,NULL,'2018-08-03 05:26:13',NULL,1,'Mark',NULL,NULL,NULL,NULL,NULL,NULL,NULL,NULL,NULL,NULL,NULL,NULL,NULL,NULL,NULL,0,0,'',0,0,0,'registered'),
	(23,NULL,'::1','mestocapio@gmail.comxxxxxxxx','$2y$08$pwd0sO3mcVYb30c7cjdWZ./.ocaVRJKfiq/WA/XaX4na1U3qkNX2.',NULL,'mestocapio@gmail.comxxxxxxxx','N0C3L0N2H2H3O1C3',NULL,NULL,NULL,'2018-08-03 05:26:53',NULL,1,'Mark',NULL,NULL,NULL,NULL,NULL,NULL,NULL,NULL,NULL,NULL,NULL,NULL,NULL,NULL,NULL,0,0,'',0,0,0,'registered'),
	(24,NULL,'::1','mestocapioxxxxxx@gmail.com','$2y$08$FCftQxOdST.MGXWtXJlzTu8NIluxS2Zwc4WqinGy1TgauXLDlrX7y',NULL,'mestocapioxxxxxx@gmail.com','U0V2V2E0A2X0W1Y2',NULL,NULL,NULL,'2018-08-03 06:40:35',NULL,1,'Mark',NULL,NULL,NULL,NULL,NULL,NULL,NULL,NULL,NULL,NULL,NULL,NULL,NULL,NULL,NULL,0,0,'',0,0,0,'registered'),
	(25,NULL,'::1','tester01@mailinator.com','$2y$08$F7OtC7hVId8qXUUKpRceL.6lda.Hi1d1b7MHuBupwvPO28YwddVDe',NULL,'tester01@mailinator.com','',NULL,NULL,NULL,'2018-08-06 02:41:27','2018-08-06 02:52:31',0,'Mark',NULL,NULL,NULL,NULL,NULL,NULL,NULL,NULL,NULL,NULL,NULL,NULL,NULL,NULL,NULL,0,0,'',0,0,0,'verified'),
	(26,NULL,'::1','tester02@mailinator.com','$2y$08$9mqPu47hVcr2Tyx1TPJ5Pe3VJfuWqlfGPn9jQUfHnrOdSox72D81G',NULL,'tester02@mailinator.com','',NULL,NULL,NULL,'2018-08-06 03:19:13','2018-08-06 03:20:29',1,'Mark',NULL,NULL,NULL,NULL,NULL,NULL,NULL,NULL,NULL,NULL,NULL,NULL,NULL,NULL,NULL,0,0,'',0,0,0,'verified'),
	(27,NULL,'::1','tester03@mailinator.com','$2y$08$1fMqvcbW5neKKTFq9pJo5.TIjPQV0FVomLSToCMmE2XYJvLxKXG2m',NULL,'tester03@mailinator.com','',NULL,NULL,NULL,'2018-08-06 03:20:55','2018-08-06 03:21:52',1,'Mark','',NULL,NULL,NULL,NULL,NULL,NULL,NULL,NULL,NULL,'5b4d0763.png','5b4d0763.png','4f4ae5d3.png',NULL,NULL,1,0,'',1,0,0,'verified'),
	(28,NULL,'::1','tester04@mailinator.com','$2y$08$AaNQFyTu6o2/LkC/qpP2nuIfgsau8cniqiSRu0ZIJR9ORC7RPBhpK',NULL,'tester04@mailinator.com','',NULL,NULL,NULL,'2018-08-06 08:15:07','2018-08-06 11:35:58',1,'Mark','Estocapio','S81312321','98591756','550502','1988-04-01','Blk 502 Serangoon North Ave 4, #02-502','#02-502','Singapore','Fil','Catholic','717705f7.png','6c5bf58a2.png','6c5bf58a1.png',NULL,NULL,0,1,'',0,0,0,'verified'),
	(29,NULL,'::1','tester05@mailinator.com','$2y$08$vbQltZ0kFmfTztLPOnT33OvClp3jZ5GMvv5qWjfqg1TGDRRw/AGEe',NULL,'tester05@mailinator.com','',NULL,NULL,NULL,'2018-08-06 11:41:12','2018-08-06 11:42:51',1,'Mark','Estocapio','S80123213','98591756','550502','1984-04-01','Blk 502 Serangoon North Ave 4, #02-502','#02-502','Singapore','F','Catholic','448c07812.png','448c07812.png','675f483f1.png',NULL,NULL,1,0,'',1,0,0,'verified');

/*!40000 ALTER TABLE `users` ENABLE KEYS */;
UNLOCK TABLES;


# Dump of table users_bank_details
# ------------------------------------------------------------

DROP TABLE IF EXISTS `users_bank_details`;

CREATE TABLE `users_bank_details` (
  `bank_account_id` int(11) NOT NULL AUTO_INCREMENT,
  `user_id` int(11) NOT NULL,
  `bank_name` varchar(100) NOT NULL,
  `swift_code` varchar(25) NOT NULL,
  `account_no` varchar(15) NOT NULL,
  `account_name` varchar(100) NOT NULL,
  `dtstamp` datetime NOT NULL,
  `status` int(2) NOT NULL DEFAULT '0',
  PRIMARY KEY (`bank_account_id`)
) ENGINE=InnoDB DEFAULT CHARSET=latin1;

LOCK TABLES `users_bank_details` WRITE;
/*!40000 ALTER TABLE `users_bank_details` DISABLE KEYS */;

INSERT INTO `users_bank_details` (`bank_account_id`, `user_id`, `bank_name`, `swift_code`, `account_no`, `account_name`, `dtstamp`, `status`)
VALUES
	(1,4,'AUB','87465132','87465132','DINO PAOLO S CARINO','2018-04-12 00:00:00',0),
	(2,4,'BDO','1234567','1234567','DINO PAOLO S CARINO','0000-00-00 00:00:00',0),
	(3,4,'BPI','987654321','987654321','RHEA CARINO','0000-00-00 00:00:00',0),
	(4,4,'AnyBank','123456','111-222-333','JAN','2018-07-07 12:28:40',0),
	(5,4,'MetroBank','22222','222-222-222','JAN REY','2018-07-07 12:28:49',0),
	(12,10,'CITIBANK Singapore Ltd','123457','111-222-333','JAN','2018-07-07 05:36:17',0),
	(16,10,'CITIBANK Singapore Ltd','112222','222-222-222','1111111','2018-07-07 05:43:56',0),
	(18,10,'bpi','123456','111-222-233','JAN','2018-07-07 05:51:14',0),
	(19,14,'CITIBANK asda Ltd','123213','123-123','213123123','2018-08-02 05:04:11',0);

/*!40000 ALTER TABLE `users_bank_details` ENABLE KEYS */;
UNLOCK TABLES;


# Dump of table users_groups
# ------------------------------------------------------------

DROP TABLE IF EXISTS `users_groups`;

CREATE TABLE `users_groups` (
  `id` int(11) unsigned NOT NULL AUTO_INCREMENT,
  `user_id` int(11) unsigned NOT NULL,
  `group_id` mediumint(8) unsigned NOT NULL,
  PRIMARY KEY (`id`),
  UNIQUE KEY `uc_users_groups` (`user_id`,`group_id`),
  KEY `fk_users_groups_users1_idx` (`user_id`),
  KEY `fk_users_groups_groups1_idx` (`group_id`)
) ENGINE=InnoDB DEFAULT CHARSET=utf8;

LOCK TABLES `users_groups` WRITE;
/*!40000 ALTER TABLE `users_groups` DISABLE KEYS */;

INSERT INTO `users_groups` (`id`, `user_id`, `group_id`)
VALUES
	(1,1,1),
	(2,2,1),
	(3,3,1),
	(4,4,5),
	(5,5,2),
	(6,6,4),
	(7,7,3),
	(8,9,7),
	(9,11,3),
	(10,12,3),
	(11,13,3),
	(12,14,5),
	(13,15,5),
	(14,16,5),
	(15,17,8),
	(16,18,5),
	(17,19,5),
	(18,20,5),
	(19,21,5),
	(20,22,5),
	(21,23,5),
	(22,24,5),
	(23,25,5),
	(24,26,5),
	(25,27,5),
	(26,28,5),
	(27,29,5);

/*!40000 ALTER TABLE `users_groups` ENABLE KEYS */;
UNLOCK TABLES;


# Dump of table users_portfolio
# ------------------------------------------------------------

DROP TABLE IF EXISTS `users_portfolio`;

CREATE TABLE `users_portfolio` (
  `user_portfolio_id` int(11) NOT NULL AUTO_INCREMENT,
  `user_id` int(11) NOT NULL,
  `property_id` int(11) NOT NULL,
  `unit_holdings` int(11) NOT NULL,
  `unit_price` int(11) NOT NULL,
  `investment_value` int(11) NOT NULL,
  `property_value` int(11) NOT NULL,
  `psf` int(11) NOT NULL,
  `tax_amortisation` int(11) NOT NULL,
  `dtstamp` datetime NOT NULL,
  `status` int(2) NOT NULL DEFAULT '0',
  PRIMARY KEY (`user_portfolio_id`)
) ENGINE=InnoDB DEFAULT CHARSET=latin1;




/*!40111 SET SQL_NOTES=@OLD_SQL_NOTES */;
/*!40101 SET SQL_MODE=@OLD_SQL_MODE */;
/*!40014 SET FOREIGN_KEY_CHECKS=@OLD_FOREIGN_KEY_CHECKS */;
/*!40101 SET CHARACTER_SET_CLIENT=@OLD_CHARACTER_SET_CLIENT */;
/*!40101 SET CHARACTER_SET_RESULTS=@OLD_CHARACTER_SET_RESULTS */;
/*!40101 SET COLLATION_CONNECTION=@OLD_COLLATION_CONNECTION */;
