-- phpMyAdmin SQL Dump
-- version 4.7.9
-- https://www.phpmyadmin.net/
--
-- Host: 127.0.0.1:3306
-- Generation Time: Jul 31, 2018 at 09:35 PM
-- Server version: 5.7.21
-- PHP Version: 5.6.35

SET SQL_MODE = "NO_AUTO_VALUE_ON_ZERO";
SET AUTOCOMMIT = 0;
START TRANSACTION;
SET time_zone = "+00:00";


/*!40101 SET @OLD_CHARACTER_SET_CLIENT=@@CHARACTER_SET_CLIENT */;
/*!40101 SET @OLD_CHARACTER_SET_RESULTS=@@CHARACTER_SET_RESULTS */;
/*!40101 SET @OLD_COLLATION_CONNECTION=@@COLLATION_CONNECTION */;
/*!40101 SET NAMES utf8mb4 */;

--
-- Database: `micro`
--

-- --------------------------------------------------------

--
-- Table structure for table `ci_sessions`
--

DROP TABLE IF EXISTS `ci_sessions`;
CREATE TABLE IF NOT EXISTS `ci_sessions` (
  `id` varchar(40) NOT NULL,
  `ip_address` varchar(45) NOT NULL,
  `timestamp` int(10) UNSIGNED NOT NULL DEFAULT '0',
  `data` blob NOT NULL
) ENGINE=MyISAM DEFAULT CHARSET=utf8;

--
-- Dumping data for table `ci_sessions`
--

INSERT INTO `ci_sessions` (`id`, `ip_address`, `timestamp`, `data`) VALUES
('85dc3a983c558365dbb327b56446854a0d1a2d77', '::1', 1531158367, 0x5f5f63695f6c6173745f726567656e65726174657c693a313533313135383138353b6964656e746974797c733a31353a226a616e40756e69636f6d692e636f6d223b656d61696c7c733a31353a226a616e40756e69636f6d692e636f6d223b757365725f69647c733a323a223130223b6f6c645f6c6173745f6c6f67696e7c733a31393a22323031382d30372d30372030313a33383a3039223b6c6173745f636865636b7c693a313533313135383335353b),
('eea006cb88920abc85723808e40dc966c6624536', '::1', 1530914983, 0x5f5f63695f6c6173745f726567656e65726174657c693a313533303931343933333b6964656e746974797c733a31353a226a616e40756e69636f6d692e636f6d223b656d61696c7c733a31353a226a616e40756e69636f6d692e636f6d223b757365725f69647c733a323a223130223b6f6c645f6c6173745f6c6f67696e7c4e3b6c6173745f636865636b7c693a313533303839383638393b),
('f671beae097878a904cb116db0a532f75672bcdd', '::1', 1530914830, 0x5f5f63695f6c6173745f726567656e65726174657c693a313533303931343539353b6964656e746974797c733a31353a226a616e40756e69636f6d692e636f6d223b656d61696c7c733a31353a226a616e40756e69636f6d692e636f6d223b757365725f69647c733a323a223130223b6f6c645f6c6173745f6c6f67696e7c4e3b6c6173745f636865636b7c693a313533303839383638393b),
('0f514bd2a18672ea732399d53253fc6e43a53535', '::1', 1530914347, 0x5f5f63695f6c6173745f726567656e65726174657c693a313533303931343139323b6964656e746974797c733a31353a226a616e40756e69636f6d692e636f6d223b656d61696c7c733a31353a226a616e40756e69636f6d692e636f6d223b757365725f69647c733a323a223130223b6f6c645f6c6173745f6c6f67696e7c4e3b6c6173745f636865636b7c693a313533303839383638393b),
('d53db897acd648f951e23021c253376cb3790520', '::1', 1530913897, 0x5f5f63695f6c6173745f726567656e65726174657c693a313533303931333739353b6964656e746974797c733a31353a226a616e40756e69636f6d692e636f6d223b656d61696c7c733a31353a226a616e40756e69636f6d692e636f6d223b757365725f69647c733a323a223130223b6f6c645f6c6173745f6c6f67696e7c4e3b6c6173745f636865636b7c693a313533303839383638393b),
('9c9da44942f536b4e1e5a333178eae365a80d7ff', '::1', 1530913626, 0x5f5f63695f6c6173745f726567656e65726174657c693a313533303931333239363b6964656e746974797c733a31353a226a616e40756e69636f6d692e636f6d223b656d61696c7c733a31353a226a616e40756e69636f6d692e636f6d223b757365725f69647c733a323a223130223b6f6c645f6c6173745f6c6f67696e7c4e3b6c6173745f636865636b7c693a313533303839383638393b),
('3b322c50b67a8a4f3a31eb08997d30509b0d71e2', '::1', 1530913210, 0x5f5f63695f6c6173745f726567656e65726174657c693a313533303931323930343b6964656e746974797c733a31353a226a616e40756e69636f6d692e636f6d223b656d61696c7c733a31353a226a616e40756e69636f6d692e636f6d223b757365725f69647c733a323a223130223b6f6c645f6c6173745f6c6f67696e7c4e3b6c6173745f636865636b7c693a313533303839383638393b),
('cad8575e765bafa89d980af881027d06831e0151', '::1', 1530912648, 0x5f5f63695f6c6173745f726567656e65726174657c693a313533303931323538333b6964656e746974797c733a31353a226a616e40756e69636f6d692e636f6d223b656d61696c7c733a31353a226a616e40756e69636f6d692e636f6d223b757365725f69647c733a323a223130223b6f6c645f6c6173745f6c6f67696e7c4e3b6c6173745f636865636b7c693a313533303839383638393b),
('335312c8d6015af59e8d1408c364e466b6624a90', '::1', 1530910328, 0x5f5f63695f6c6173745f726567656e65726174657c693a313533303931303332363b6964656e746974797c733a31353a226a616e40756e69636f6d692e636f6d223b656d61696c7c733a31353a226a616e40756e69636f6d692e636f6d223b757365725f69647c733a323a223130223b6f6c645f6c6173745f6c6f67696e7c4e3b6c6173745f636865636b7c693a313533303839383638393b),
('8bfd4179e8bcf9857b92f8c5b28587c2eb790d81', '::1', 1530908318, 0x5f5f63695f6c6173745f726567656e65726174657c693a313533303930383037323b6964656e746974797c733a31353a226a616e40756e69636f6d692e636f6d223b656d61696c7c733a31353a226a616e40756e69636f6d692e636f6d223b757365725f69647c733a323a223130223b6f6c645f6c6173745f6c6f67696e7c4e3b6c6173745f636865636b7c693a313533303839383638393b),
('379f30249670aaf4dcd6a6a257fef2654d6c59b1', '::1', 1530907970, 0x5f5f63695f6c6173745f726567656e65726174657c693a313533303930373734313b6964656e746974797c733a31353a226a616e40756e69636f6d692e636f6d223b656d61696c7c733a31353a226a616e40756e69636f6d692e636f6d223b757365725f69647c733a323a223130223b6f6c645f6c6173745f6c6f67696e7c4e3b6c6173745f636865636b7c693a313533303839383638393b),
('ed6ca1197867e9ff4a02e8e98d1abf5a5506e7b5', '::1', 1530906607, 0x5f5f63695f6c6173745f726567656e65726174657c693a313533303930363535363b6964656e746974797c733a31353a226a616e40756e69636f6d692e636f6d223b656d61696c7c733a31353a226a616e40756e69636f6d692e636f6d223b757365725f69647c733a323a223130223b6f6c645f6c6173745f6c6f67696e7c4e3b6c6173745f636865636b7c693a313533303839383638393b),
('ab6dfd0213c661b87f13d52d21e5d9085716ef47', '::1', 1530906467, 0x5f5f63695f6c6173745f726567656e65726174657c693a313533303930363235313b6964656e746974797c733a31353a226a616e40756e69636f6d692e636f6d223b656d61696c7c733a31353a226a616e40756e69636f6d692e636f6d223b757365725f69647c733a323a223130223b6f6c645f6c6173745f6c6f67696e7c4e3b6c6173745f636865636b7c693a313533303839383638393b),
('e7132778cbc5a157928453da825d4858d0e6c0ee', '::1', 1530905904, 0x5f5f63695f6c6173745f726567656e65726174657c693a313533303930353839313b6964656e746974797c733a31353a226a616e40756e69636f6d692e636f6d223b656d61696c7c733a31353a226a616e40756e69636f6d692e636f6d223b757365725f69647c733a323a223130223b6f6c645f6c6173745f6c6f67696e7c4e3b6c6173745f636865636b7c693a313533303839383638393b),
('5ef98939a5108aaaa5521a77b6d8f6ad8c1aa058', '::1', 1530905874, 0x5f5f63695f6c6173745f726567656e65726174657c693a313533303930353535373b6964656e746974797c733a31353a226a616e40756e69636f6d692e636f6d223b656d61696c7c733a31353a226a616e40756e69636f6d692e636f6d223b757365725f69647c733a323a223130223b6f6c645f6c6173745f6c6f67696e7c4e3b6c6173745f636865636b7c693a313533303839383638393b),
('cd30405e375df6813a3a7e3a9fbe9bdc7b5f77f6', '::1', 1530902970, 0x5f5f63695f6c6173745f726567656e65726174657c693a313533303930323937303b6964656e746974797c733a31353a226a616e40756e69636f6d692e636f6d223b656d61696c7c733a31353a226a616e40756e69636f6d692e636f6d223b757365725f69647c733a323a223130223b6f6c645f6c6173745f6c6f67696e7c4e3b6c6173745f636865636b7c693a313533303839383638393b),
('4e0a025c819e9a824b11efed75a24fdb2a26386e', '::1', 1530902342, 0x5f5f63695f6c6173745f726567656e65726174657c693a313533303930323334323b6964656e746974797c733a31353a226a616e40756e69636f6d692e636f6d223b656d61696c7c733a31353a226a616e40756e69636f6d692e636f6d223b757365725f69647c733a323a223130223b6f6c645f6c6173745f6c6f67696e7c4e3b6c6173745f636865636b7c693a313533303839383638393b),
('fc272923483cc538b00483b8c7bda397d1fbed9c', '::1', 1530902334, 0x5f5f63695f6c6173745f726567656e65726174657c693a313533303930323032383b6964656e746974797c733a31353a226a616e40756e69636f6d692e636f6d223b656d61696c7c733a31353a226a616e40756e69636f6d692e636f6d223b757365725f69647c733a323a223130223b6f6c645f6c6173745f6c6f67696e7c4e3b6c6173745f636865636b7c693a313533303839383638393b),
('8234205ac0f6dfa0c013c18fe1c1cea74f56ce44', '::1', 1530901919, 0x5f5f63695f6c6173745f726567656e65726174657c693a313533303930313537383b6964656e746974797c733a31353a226a616e40756e69636f6d692e636f6d223b656d61696c7c733a31353a226a616e40756e69636f6d692e636f6d223b757365725f69647c733a323a223130223b6f6c645f6c6173745f6c6f67696e7c4e3b6c6173745f636865636b7c693a313533303839383638393b),
('81322aefc083aa59cc0bb95a4e073d3675ecf4ba', '::1', 1530899711, 0x5f5f63695f6c6173745f726567656e65726174657c693a313533303839393731313b6964656e746974797c733a31353a226a616e40756e69636f6d692e636f6d223b656d61696c7c733a31353a226a616e40756e69636f6d692e636f6d223b757365725f69647c733a323a223130223b6f6c645f6c6173745f6c6f67696e7c4e3b6c6173745f636865636b7c693a313533303839383638393b),
('797ce932d360ea51982859161a0224349a6b2480', '::1', 1530899519, 0x5f5f63695f6c6173745f726567656e65726174657c693a313533303839393337323b6964656e746974797c733a31353a226a616e40756e69636f6d692e636f6d223b656d61696c7c733a31353a226a616e40756e69636f6d692e636f6d223b757365725f69647c733a323a223130223b6f6c645f6c6173745f6c6f67696e7c4e3b6c6173745f636865636b7c693a313533303839383638393b),
('98fc31ecaeff3ddc9a154e515876a3d5b18b0049', '::1', 1530898905, 0x5f5f63695f6c6173745f726567656e65726174657c693a313533303839383632323b6964656e746974797c733a31353a226a616e40756e69636f6d692e636f6d223b656d61696c7c733a31353a226a616e40756e69636f6d692e636f6d223b757365725f69647c733a323a223130223b6f6c645f6c6173745f6c6f67696e7c4e3b6c6173745f636865636b7c693a313533303839383638393b),
('9146bd62e8d269c8a7c64cd17e49141f586ef517', '::1', 1530897288, 0x5f5f63695f6c6173745f726567656e65726174657c693a313533303839373238383b6964656e746974797c733a31373a2264696e6f75736572406d61696c2e636f6d223b656d61696c7c733a31373a2264696e6f75736572406d61696c2e636f6d223b757365725f69647c733a313a2234223b6f6c645f6c6173745f6c6f67696e7c733a31393a22323031382d30372d30362030373a35393a3136223b6c6173745f636865636b7c693a313533303839333030323b),
('6c8a395732a30553f2e65317f9511d5389258e52', '::1', 1530897287, 0x5f5f63695f6c6173745f726567656e65726174657c693a313533303839373238343b6964656e746974797c733a31373a2264696e6f75736572406d61696c2e636f6d223b656d61696c7c733a31373a2264696e6f75736572406d61696c2e636f6d223b757365725f69647c733a313a2234223b6f6c645f6c6173745f6c6f67696e7c733a31393a22323031382d30372d30362030373a35393a3136223b6c6173745f636865636b7c693a313533303839333030323b),
('a8d9ab07aa918920348164c2da4fa07e4ce9eff3', '::1', 1530897287, 0x5f5f63695f6c6173745f726567656e65726174657c693a313533303839343337333b6964656e746974797c733a31373a2264696e6f75736572406d61696c2e636f6d223b656d61696c7c733a31373a2264696e6f75736572406d61696c2e636f6d223b757365725f69647c733a313a2234223b6f6c645f6c6173745f6c6f67696e7c733a31393a22323031382d30372d30362030373a35393a3136223b6c6173745f636865636b7c693a313533303839333030323b),
('d98f9739e46adf8cc0cc97fb166f725d97139df0', '::1', 1530893434, 0x5f5f63695f6c6173745f726567656e65726174657c693a313533303839323835333b6964656e746974797c733a31373a2264696e6f75736572406d61696c2e636f6d223b656d61696c7c733a31373a2264696e6f75736572406d61696c2e636f6d223b757365725f69647c733a313a2234223b6f6c645f6c6173745f6c6f67696e7c733a31393a22323031382d30372d30362030373a35393a3136223b6c6173745f636865636b7c693a313533303839333030323b),
('eb62ee32a8e5289405327eb633bfe10d9b9366f0', '::1', 1530840122, 0x5f5f63695f6c6173745f726567656e65726174657c693a313533303834303130343b6964656e746974797c733a31373a2264696e6f75736572406d61696c2e636f6d223b656d61696c7c733a31373a2264696e6f75736572406d61696c2e636f6d223b757365725f69647c733a313a2234223b6f6c645f6c6173745f6c6f67696e7c733a31393a22323031382d30372d30362030333a34343a3335223b6c6173745f636865636b7c693a313533303833353135363b),
('2d682c04478494372cb46e6e2903485344502c8c', '::1', 1530839378, 0x5f5f63695f6c6173745f726567656e65726174657c693a313533303833393136383b6964656e746974797c733a31373a2264696e6f75736572406d61696c2e636f6d223b656d61696c7c733a31373a2264696e6f75736572406d61696c2e636f6d223b757365725f69647c733a313a2234223b6f6c645f6c6173745f6c6f67696e7c733a31393a22323031382d30372d30362030333a34343a3335223b6c6173745f636865636b7c693a313533303833353135363b),
('e24f5577533508ffc69457350342bd06ddf2fb4b', '::1', 1530838833, 0x5f5f63695f6c6173745f726567656e65726174657c693a313533303833383733323b6964656e746974797c733a31373a2264696e6f75736572406d61696c2e636f6d223b656d61696c7c733a31373a2264696e6f75736572406d61696c2e636f6d223b757365725f69647c733a313a2234223b6f6c645f6c6173745f6c6f67696e7c733a31393a22323031382d30372d30362030333a34343a3335223b6c6173745f636865636b7c693a313533303833353135363b),
('06aefdc6caef16bff85a87b8bdf8c47de941fd9c', '::1', 1530838577, 0x5f5f63695f6c6173745f726567656e65726174657c693a313533303833383336313b6964656e746974797c733a31373a2264696e6f75736572406d61696c2e636f6d223b656d61696c7c733a31373a2264696e6f75736572406d61696c2e636f6d223b757365725f69647c733a313a2234223b6f6c645f6c6173745f6c6f67696e7c733a31393a22323031382d30372d30362030333a34343a3335223b6c6173745f636865636b7c693a313533303833353135363b),
('c309e6fa0ad7ce6e5d0d667eebee76a714468a47', '::1', 1530838059, 0x5f5f63695f6c6173745f726567656e65726174657c693a313533303833383035393b6964656e746974797c733a31373a2264696e6f75736572406d61696c2e636f6d223b656d61696c7c733a31373a2264696e6f75736572406d61696c2e636f6d223b757365725f69647c733a313a2234223b6f6c645f6c6173745f6c6f67696e7c733a31393a22323031382d30372d30362030333a34343a3335223b6c6173745f636865636b7c693a313533303833353135363b),
('58605adfa3e4ea5e964e10d0e009bc5f91c23451', '::1', 1530837004, 0x5f5f63695f6c6173745f726567656e65726174657c693a313533303833363734393b6964656e746974797c733a31373a2264696e6f75736572406d61696c2e636f6d223b656d61696c7c733a31373a2264696e6f75736572406d61696c2e636f6d223b757365725f69647c733a313a2234223b6f6c645f6c6173745f6c6f67696e7c733a31393a22323031382d30372d30362030333a34343a3335223b6c6173745f636865636b7c693a313533303833353135363b),
('e7bf1dcb7c68ea879fea54de16dbe78dff8ae660', '::1', 1530835620, 0x5f5f63695f6c6173745f726567656e65726174657c693a313533303833353631383b6964656e746974797c733a31373a2264696e6f75736572406d61696c2e636f6d223b656d61696c7c733a31373a2264696e6f75736572406d61696c2e636f6d223b757365725f69647c733a313a2234223b6f6c645f6c6173745f6c6f67696e7c733a31393a22323031382d30372d30362030333a34343a3335223b6c6173745f636865636b7c693a313533303833353135363b),
('93ba0977bb6bd258a9a3009621d170d1beeb6c76', '::1', 1530835165, 0x5f5f63695f6c6173745f726567656e65726174657c693a313533303833353132323b6964656e746974797c733a31373a2264696e6f75736572406d61696c2e636f6d223b656d61696c7c733a31373a2264696e6f75736572406d61696c2e636f6d223b757365725f69647c733a313a2234223b6f6c645f6c6173745f6c6f67696e7c733a31393a22323031382d30372d30362030333a34343a3335223b6c6173745f636865636b7c693a313533303833353135363b),
('68b3a5b217053bc115c0d2ee1c9e96dcfc59b71e', '::1', 1530824854, 0x5f5f63695f6c6173745f726567656e65726174657c693a313533303832343739383b6964656e746974797c733a31373a2264696e6f75736572406d61696c2e636f6d223b656d61696c7c733a31373a2264696e6f75736572406d61696c2e636f6d223b757365725f69647c733a313a2234223b6f6c645f6c6173745f6c6f67696e7c4e3b6c6173745f636865636b7c693a313533303831393837353b),
('21cf8a9c46c5b092fb8f57bf3a20a5e34214dbbe', '::1', 1530823047, 0x5f5f63695f6c6173745f726567656e65726174657c693a313533303832323934393b6964656e746974797c733a31373a2264696e6f75736572406d61696c2e636f6d223b656d61696c7c733a31373a2264696e6f75736572406d61696c2e636f6d223b757365725f69647c733a313a2234223b6f6c645f6c6173745f6c6f67696e7c4e3b6c6173745f636865636b7c693a313533303831393837353b),
('49c7a80937160ed5f9583bde8756de017c61ad6f', '::1', 1530819370, 0x5f5f63695f6c6173745f726567656e65726174657c693a313533303831393137393b),
('0ce576bfdbd84a65d301674e1bcff93a47c89e6e', '::1', 1530819649, 0x5f5f63695f6c6173745f726567656e65726174657c693a313533303831393531383b),
('c9b50b477a42ed323a82c5dee71b34a346687cf4', '::1', 1530819935, 0x5f5f63695f6c6173745f726567656e65726174657c693a313533303831393832383b6964656e746974797c733a31373a2264696e6f75736572406d61696c2e636f6d223b656d61696c7c733a31373a2264696e6f75736572406d61696c2e636f6d223b757365725f69647c733a313a2234223b6f6c645f6c6173745f6c6f67696e7c4e3b6c6173745f636865636b7c693a313533303831393837353b),
('623ce599a0cdda62cae6f5d6b107b30097c09a82', '::1', 1530820388, 0x5f5f63695f6c6173745f726567656e65726174657c693a313533303832303138353b6964656e746974797c733a31373a2264696e6f75736572406d61696c2e636f6d223b656d61696c7c733a31373a2264696e6f75736572406d61696c2e636f6d223b757365725f69647c733a313a2234223b6f6c645f6c6173745f6c6f67696e7c4e3b6c6173745f636865636b7c693a313533303831393837353b),
('e68af8b3c46b08d605ff56abedb0ca707e381cd5', '::1', 1530821929, 0x5f5f63695f6c6173745f726567656e65726174657c693a313533303832313736373b6964656e746974797c733a31373a2264696e6f75736572406d61696c2e636f6d223b656d61696c7c733a31373a2264696e6f75736572406d61696c2e636f6d223b757365725f69647c733a313a2234223b6f6c645f6c6173745f6c6f67696e7c4e3b6c6173745f636865636b7c693a313533303831393837353b),
('2e9cc5e5b4bef2816a8d6cea4237a3aadb09ad4a', '::1', 1530822346, 0x5f5f63695f6c6173745f726567656e65726174657c693a313533303832323137323b6964656e746974797c733a31373a2264696e6f75736572406d61696c2e636f6d223b656d61696c7c733a31373a2264696e6f75736572406d61696c2e636f6d223b757365725f69647c733a313a2234223b6f6c645f6c6173745f6c6f67696e7c4e3b6c6173745f636865636b7c693a313533303831393837353b),
('c81ae9c7d63d6dd04630cb3737d4b3e6f45e8aab', '::1', 1530822680, 0x5f5f63695f6c6173745f726567656e65726174657c693a313533303832323534353b6964656e746974797c733a31373a2264696e6f75736572406d61696c2e636f6d223b656d61696c7c733a31373a2264696e6f75736572406d61696c2e636f6d223b757365725f69647c733a313a2234223b6f6c645f6c6173745f6c6f67696e7c4e3b6c6173745f636865636b7c693a313533303831393837353b),
('b9ac5ec25bc858151fb26d605a7a1323671f1815', '::1', 1531159035, 0x5f5f63695f6c6173745f726567656e65726174657c693a313533313135383735393b6964656e746974797c733a31353a226a616e40756e69636f6d692e636f6d223b656d61696c7c733a31353a226a616e40756e69636f6d692e636f6d223b757365725f69647c733a323a223130223b6f6c645f6c6173745f6c6f67696e7c733a31393a22323031382d30372d30372030313a33383a3039223b6c6173745f636865636b7c693a313533313135383335353b),
('45ee8e843f39daf8606fd3eabf1f4cb30c6a9137', '::1', 1531159326, 0x5f5f63695f6c6173745f726567656e65726174657c693a313533313135393237303b6964656e746974797c733a31353a226a616e40756e69636f6d692e636f6d223b656d61696c7c733a31353a226a616e40756e69636f6d692e636f6d223b757365725f69647c733a323a223130223b6f6c645f6c6173745f6c6f67696e7c733a31393a22323031382d30372d30372030313a33383a3039223b6c6173745f636865636b7c693a313533313135383335353b),
('c1b0e71d96aa54b86cb9868b6260b7bc6a0245e1', '::1', 1531159794, 0x5f5f63695f6c6173745f726567656e65726174657c693a313533313135393538353b6964656e746974797c733a31353a226a616e40756e69636f6d692e636f6d223b656d61696c7c733a31353a226a616e40756e69636f6d692e636f6d223b757365725f69647c733a323a223130223b6f6c645f6c6173745f6c6f67696e7c733a31393a22323031382d30372d30372030313a33383a3039223b6c6173745f636865636b7c693a313533313135383335353b),
('9cdb30ed00ee4e0f0f9e046024e4bf3cfbc8a4bc', '::1', 1531160061, 0x5f5f63695f6c6173745f726567656e65726174657c693a313533313136303030363b6964656e746974797c733a31353a226a616e40756e69636f6d692e636f6d223b656d61696c7c733a31353a226a616e40756e69636f6d692e636f6d223b757365725f69647c733a323a223130223b6f6c645f6c6173745f6c6f67696e7c733a31393a22323031382d30372d30372030313a33383a3039223b6c6173745f636865636b7c693a313533313135383335353b),
('3ea924dbf7d22c4f72204285792adad71496d1e7', '::1', 1531160621, 0x5f5f63695f6c6173745f726567656e65726174657c693a313533313136303531393b6964656e746974797c733a31353a226a616e40756e69636f6d692e636f6d223b656d61696c7c733a31353a226a616e40756e69636f6d692e636f6d223b757365725f69647c733a323a223130223b6f6c645f6c6173745f6c6f67696e7c733a31393a22323031382d30372d30372030313a33383a3039223b6c6173745f636865636b7c693a313533313135383335353b),
('e37a8571274bd4ad2224e7acc0f02ab813843c22', '::1', 1531160841, 0x5f5f63695f6c6173745f726567656e65726174657c693a313533313136303834313b6964656e746974797c733a31353a226a616e40756e69636f6d692e636f6d223b656d61696c7c733a31353a226a616e40756e69636f6d692e636f6d223b757365725f69647c733a323a223130223b6f6c645f6c6173745f6c6f67696e7c733a31393a22323031382d30372d30372030313a33383a3039223b6c6173745f636865636b7c693a313533313135383335353b),
('0ec5f43ec1fbc989fa45a1540141ffc9133add33', '::1', 1531161380, 0x5f5f63695f6c6173745f726567656e65726174657c693a313533313136313337383b6964656e746974797c733a31353a226a616e40756e69636f6d692e636f6d223b656d61696c7c733a31353a226a616e40756e69636f6d692e636f6d223b757365725f69647c733a323a223130223b6f6c645f6c6173745f6c6f67696e7c733a31393a22323031382d30372d30372030313a33383a3039223b6c6173745f636865636b7c693a313533313135383335353b),
('50af6b951388f0dbefafbe63cba9e6079488611d', '::1', 1531164303, 0x5f5f63695f6c6173745f726567656e65726174657c693a313533313136343330313b6964656e746974797c733a31353a226a616e40756e69636f6d692e636f6d223b656d61696c7c733a31353a226a616e40756e69636f6d692e636f6d223b757365725f69647c733a323a223130223b6f6c645f6c6173745f6c6f67696e7c733a31393a22323031382d30372d30372030313a33383a3039223b6c6173745f636865636b7c693a313533313135383335353b),
('52872aefcd37ced442228a475c31fee4b7ecb884', '::1', 1531164978, 0x5f5f63695f6c6173745f726567656e65726174657c693a313533313136343834363b6964656e746974797c733a31353a226a616e40756e69636f6d692e636f6d223b656d61696c7c733a31353a226a616e40756e69636f6d692e636f6d223b757365725f69647c733a323a223130223b6f6c645f6c6173745f6c6f67696e7c733a31393a22323031382d30372d30372030313a33383a3039223b6c6173745f636865636b7c693a313533313135383335353b),
('36ea8b51223e600c1819e7a879d2c39a1ec90f6c', '::1', 1531165457, 0x5f5f63695f6c6173745f726567656e65726174657c693a313533313136353137363b6964656e746974797c733a31353a226a616e40756e69636f6d692e636f6d223b656d61696c7c733a31353a226a616e40756e69636f6d692e636f6d223b757365725f69647c733a323a223130223b6f6c645f6c6173745f6c6f67696e7c733a31393a22323031382d30372d30372030313a33383a3039223b6c6173745f636865636b7c693a313533313135383335353b),
('40b078aa8d1b67c36902ee8fb22240320d20002f', '::1', 1531165780, 0x5f5f63695f6c6173745f726567656e65726174657c693a313533313136353438343b6964656e746974797c733a31353a226a616e40756e69636f6d692e636f6d223b656d61696c7c733a31353a226a616e40756e69636f6d692e636f6d223b757365725f69647c733a323a223130223b6f6c645f6c6173745f6c6f67696e7c733a31393a22323031382d30372d30372030313a33383a3039223b6c6173745f636865636b7c693a313533313135383335353b),
('75e5fd566edeb0e3683174d20306299b93d3c00d', '::1', 1531166114, 0x5f5f63695f6c6173745f726567656e65726174657c693a313533313136363131343b6964656e746974797c733a31353a226a616e40756e69636f6d692e636f6d223b656d61696c7c733a31353a226a616e40756e69636f6d692e636f6d223b757365725f69647c733a323a223130223b6f6c645f6c6173745f6c6f67696e7c733a31393a22323031382d30372d30372030313a33383a3039223b6c6173745f636865636b7c693a313533313135383335353b),
('af3f354825289b1810007cb2efb8b8ab23d4fd37', '::1', 1531166849, 0x5f5f63695f6c6173745f726567656e65726174657c693a313533313136363632303b6964656e746974797c733a31353a226a616e40756e69636f6d692e636f6d223b656d61696c7c733a31353a226a616e40756e69636f6d692e636f6d223b757365725f69647c733a323a223130223b6f6c645f6c6173745f6c6f67696e7c733a31393a22323031382d30372d30372030313a33383a3039223b6c6173745f636865636b7c693a313533313135383335353b),
('14fa8afb74a0a0a7396865ab483246100a4461fb', '::1', 1531167335, 0x5f5f63695f6c6173745f726567656e65726174657c693a313533313136373038303b6964656e746974797c733a31353a226a616e40756e69636f6d692e636f6d223b656d61696c7c733a31353a226a616e40756e69636f6d692e636f6d223b757365725f69647c733a323a223130223b6f6c645f6c6173745f6c6f67696e7c733a31393a22323031382d30372d30372030313a33383a3039223b6c6173745f636865636b7c693a313533313135383335353b),
('c6cad61ba6dca25dde4f068eacf2269fcd62fdd8', '::1', 1531167798, 0x5f5f63695f6c6173745f726567656e65726174657c693a313533313136373531313b6964656e746974797c733a31353a226a616e40756e69636f6d692e636f6d223b656d61696c7c733a31353a226a616e40756e69636f6d692e636f6d223b757365725f69647c733a323a223130223b6f6c645f6c6173745f6c6f67696e7c733a31393a22323031382d30372d30372030313a33383a3039223b6c6173745f636865636b7c693a313533313135383335353b),
('9f2dbeeae4e927a32eba8edf18e10a6b4223fa7c', '::1', 1531168053, 0x5f5f63695f6c6173745f726567656e65726174657c693a313533313136373838383b6964656e746974797c733a31353a226a616e40756e69636f6d692e636f6d223b656d61696c7c733a31353a226a616e40756e69636f6d692e636f6d223b757365725f69647c733a323a223130223b6f6c645f6c6173745f6c6f67696e7c733a31393a22323031382d30372d30372030313a33383a3039223b6c6173745f636865636b7c693a313533313135383335353b),
('254cf4a0a81540693f5a5df476aaf399336525c0', '::1', 1531168622, 0x5f5f63695f6c6173745f726567656e65726174657c693a313533313136383334363b6964656e746974797c733a31353a226a616e40756e69636f6d692e636f6d223b656d61696c7c733a31353a226a616e40756e69636f6d692e636f6d223b757365725f69647c733a323a223130223b6f6c645f6c6173745f6c6f67696e7c733a31393a22323031382d30372d30372030313a33383a3039223b6c6173745f636865636b7c693a313533313135383335353b),
('6a7dab46a6d3108ceb674aec9ddb4c275645d68f', '::1', 1531172947, 0x5f5f63695f6c6173745f726567656e65726174657c693a313533313137323930353b6964656e746974797c733a31353a226a616e40756e69636f6d692e636f6d223b656d61696c7c733a31353a226a616e40756e69636f6d692e636f6d223b757365725f69647c733a323a223130223b6f6c645f6c6173745f6c6f67696e7c733a31393a22323031382d30372d30372030313a33383a3039223b6c6173745f636865636b7c693a313533313135383335353b),
('5e488dc2d6bcbd523f2718d140fc19f904fa922a', '::1', 1531242877, 0x5f5f63695f6c6173745f726567656e65726174657c693a313533313234323737363b6964656e746974797c733a31353a226a616e40756e69636f6d692e636f6d223b656d61696c7c733a31353a226a616e40756e69636f6d692e636f6d223b757365725f69647c733a323a223130223b6f6c645f6c6173745f6c6f67696e7c733a31393a22323031382d30372d31312030313a31343a3136223b6c6173745f636865636b7c693a313533313234323835363b),
('7d40961170d3bd24b968d42b11c7b2b1d8b4ee36', '::1', 1531244159, 0x5f5f63695f6c6173745f726567656e65726174657c693a313533313234343135363b6964656e746974797c733a31353a226a616e40756e69636f6d692e636f6d223b656d61696c7c733a31353a226a616e40756e69636f6d692e636f6d223b757365725f69647c733a323a223130223b6f6c645f6c6173745f6c6f67696e7c733a31393a22323031382d30372d31312030313a31343a3136223b6c6173745f636865636b7c693a313533313234323835363b),
('3b6009d5b63f7a08ad1b95ef99ed00aa36a89628', '::1', 1531247410, 0x5f5f63695f6c6173745f726567656e65726174657c693a313533313234373137393b6d6573736167657c733a32323a223c703e496e636f7272656374204c6f67696e3c2f703e223b5f5f63695f766172737c613a313a7b733a373a226d657373616765223b733a333a226f6c64223b7d),
('cd286dbfb06bc90499b39f8c46e063c4450140b2', '::1', 1531247681, 0x5f5f63695f6c6173745f726567656e65726174657c693a313533313234373635353b),
('07d23eb078874ca391110c37874457890125cfda', '::1', 1531248708, 0x5f5f63695f6c6173745f726567656e65726174657c693a313533313234383634303b),
('7897e1aaf8a4e11a790907a0d2572947c915e520', '::1', 1531255816, 0x5f5f63695f6c6173745f726567656e65726174657c693a313533313235353830353b6d6573736167657c733a32323a223c703e496e636f7272656374204c6f67696e3c2f703e223b5f5f63695f766172737c613a313a7b733a373a226d657373616765223b733a333a226f6c64223b7d),
('5b91e2f2ce50b1a670769fd722bc12940da097d6', '::1', 1531255807, 0x5f5f63695f6c6173745f726567656e65726174657c693a313533313235353830373b),
('ef3084ce36ad2f425ee03eedb4a516209377072a', '::1', 1531256139, 0x5f5f63695f6c6173745f726567656e65726174657c693a313533313235363133393b),
('b3d9051501b02ab20aa4f569c7d4eabe6bf8706e', '::1', 1531257654, 0x5f5f63695f6c6173745f726567656e65726174657c693a313533313235373635323b),
('62177225791f58afa0c018cc2afeaba1f6988ffb', '::1', 1531258806, 0x5f5f63695f6c6173745f726567656e65726174657c693a313533313235383739353b6d6573736167657c733a32323a223c703e496e636f7272656374204c6f67696e3c2f703e223b5f5f63695f766172737c613a313a7b733a373a226d657373616765223b733a333a226f6c64223b7d),
('4699e8f15eef456a62dab72d8f998bf86eecfdf3', '::1', 1531258925, 0x5f5f63695f6c6173745f726567656e65726174657c693a313533313235383931383b),
('ed39c14a628404e7859ca125d40fd922d9ef5ba7', '::1', 1531259542, 0x5f5f63695f6c6173745f726567656e65726174657c693a313533313235393533363b),
('101845f3dd46358ec40418a06337cdeb7369ae21', '::1', 1531260520, 0x5f5f63695f6c6173745f726567656e65726174657c693a313533313236303531363b6d6573736167657c733a32323a223c703e496e636f7272656374204c6f67696e3c2f703e223b5f5f63695f766172737c613a313a7b733a373a226d657373616765223b733a333a226f6c64223b7d),
('48a892b997865689ffe37d9c5583e5f524cd5f9a', '::1', 1531260518, 0x5f5f63695f6c6173745f726567656e65726174657c693a313533313236303531383b6d6573736167657c733a32323a223c703e496e636f7272656374204c6f67696e3c2f703e223b5f5f63695f766172737c613a313a7b733a373a226d657373616765223b733a333a226e6577223b7d),
('1380d76a14a2f15d7ece40315e4be3315766830a', '::1', 1531261098, 0x5f5f63695f6c6173745f726567656e65726174657c693a313533313236303833333b),
('e15e636f031cc15e05f8547af74ac9899edff5ee', '::1', 1531261419, 0x5f5f63695f6c6173745f726567656e65726174657c693a313533313236313137333b),
('b47b5d9820903a783369a5074531603ed0014705', '::1', 1531261526, 0x5f5f63695f6c6173745f726567656e65726174657c693a313533313236313530353b),
('cf011b57c6cfd2c480a9ca30c061956f52150f19', '::1', 1531262148, 0x5f5f63695f6c6173745f726567656e65726174657c693a313533313236313836343b6d6573736167657c733a32323a223c703e496e636f7272656374204c6f67696e3c2f703e223b5f5f63695f766172737c613a313a7b733a373a226d657373616765223b733a333a226f6c64223b7d),
('a351fdef55fbd52aa41ccb5280d58555e55f22c8', '::1', 1531262493, 0x5f5f63695f6c6173745f726567656e65726174657c693a313533313236323435333b),
('dd48a14ed03b88adfc16264835b633e39d2bd492', '::1', 1531263012, 0x5f5f63695f6c6173745f726567656e65726174657c693a313533313236323837353b6d6573736167657c733a32323a223c703e496e636f7272656374204c6f67696e3c2f703e223b5f5f63695f766172737c613a313a7b733a373a226d657373616765223b733a333a226f6c64223b7d),
('69c69fbf8d84a9eade55d3d5f45d015c9acf0074', '::1', 1531263311, 0x5f5f63695f6c6173745f726567656e65726174657c693a313533313236333230313b6d6573736167657c733a32323a223c703e496e636f7272656374204c6f67696e3c2f703e223b5f5f63695f766172737c613a313a7b733a373a226d657373616765223b733a333a226f6c64223b7d),
('05efad1be9cbd08f00e2537b04c2a5abd7f593b7', '::1', 1531263695, 0x5f5f63695f6c6173745f726567656e65726174657c693a313533313236333530393b6d6573736167657c733a32323a223c703e496e636f7272656374204c6f67696e3c2f703e223b5f5f63695f766172737c613a313a7b733a373a226d657373616765223b733a333a226f6c64223b7d),
('5db13111dd0b190a85cd27058da6866a2ea666fd', '::1', 1531263854, 0x5f5f63695f6c6173745f726567656e65726174657c693a313533313236333833303b6d6573736167657c733a32323a223c703e496e636f7272656374204c6f67696e3c2f703e223b5f5f63695f766172737c613a313a7b733a373a226d657373616765223b733a333a226f6c64223b7d),
('0bf5ebffbfbfe0d565269ec516450ec2ca7b5cf5', '::1', 1531264158, 0x5f5f63695f6c6173745f726567656e65726174657c693a313533313236343135383b),
('5b9be2ddfec5f9cd76e4db220992c19b4e38d4e7', '::1', 1531264169, 0x5f5f63695f6c6173745f726567656e65726174657c693a313533313236343136393b6d6573736167657c733a32323a223c703e496e636f7272656374204c6f67696e3c2f703e223b5f5f63695f766172737c613a313a7b733a373a226d657373616765223b733a333a226e6577223b7d),
('bccbb078c2d93b392f45b1c90c7e7aeccbd58b1a', '::1', 1531264169, 0x5f5f63695f6c6173745f726567656e65726174657c693a313533313236343136393b),
('ff88fc98955ca536841e7eb7510e9c384ce444cc', '::1', 1531265007, 0x5f5f63695f6c6173745f726567656e65726174657c693a313533313236353030313b),
('67b2a7d9fd50c8d1bec6b6bb5f4ea8525eceb7da', '::1', 1531265896, 0x5f5f63695f6c6173745f726567656e65726174657c693a313533313236353732343b6d6573736167657c733a32323a223c703e496e636f7272656374204c6f67696e3c2f703e223b5f5f63695f766172737c613a313a7b733a373a226d657373616765223b733a333a226f6c64223b7d),
('f27466afcb61ce800043357f9d94efeba6549076', '::1', 1531266288, 0x5f5f63695f6c6173745f726567656e65726174657c693a313533313236363235333b),
('23ccc3bda7c376fc62d52395cd3987b91a96b48c', '::1', 1531266485, 0x5f5f63695f6c6173745f726567656e65726174657c693a313533313236363339393b6d6573736167657c733a32323a223c703e496e636f7272656374204c6f67696e3c2f703e223b5f5f63695f766172737c613a313a7b733a373a226d657373616765223b733a333a226f6c64223b7d),
('d290644e72d8f83a1e2686a557ba2611dcf794bd', '::1', 1531266992, 0x5f5f63695f6c6173745f726567656e65726174657c693a313533313236363730313b6d6573736167657c733a32323a223c703e496e636f7272656374204c6f67696e3c2f703e223b5f5f63695f766172737c613a313a7b733a373a226d657373616765223b733a333a226f6c64223b7d),
('333bd96e6c9cd9bcdf00b87cd896ae33ac4b0a61', '::1', 1531267041, 0x5f5f63695f6c6173745f726567656e65726174657c693a313533313236373033323b6d6573736167657c733a32323a223c703e496e636f7272656374204c6f67696e3c2f703e223b5f5f63695f766172737c613a313a7b733a373a226d657373616765223b733a333a226f6c64223b7d),
('fc695280efa2a6245aecc1f822dabbeca824226c', '::1', 1531267574, 0x5f5f63695f6c6173745f726567656e65726174657c693a313533313236373333373b),
('c1ba4b3f75004f186d92bcb6e9dd295d90aa0bef', '::1', 1531268127, 0x5f5f63695f6c6173745f726567656e65726174657c693a313533313236373833373b6d6573736167657c733a32323a223c703e496e636f7272656374204c6f67696e3c2f703e223b5f5f63695f766172737c613a313a7b733a373a226d657373616765223b733a333a226f6c64223b7d),
('0982aa934e95cd02e50cb2a65f75d54e7702559e', '::1', 1531327787, 0x5f5f63695f6c6173745f726567656e65726174657c693a313533313332373737313b),
('316a41c5c266b7db6333e4f74af2346499f4908f', '::1', 1531327849, 0x5f5f63695f6c6173745f726567656e65726174657c693a313533313332373831303b),
('cf26e35630ad99e341d531f300dc60e395012f84', '::1', 1531329379, 0x5f5f63695f6c6173745f726567656e65726174657c693a313533313332393232333b),
('7bc762a6d0a2a6072cedaa3a224b51c1a31227fd', '::1', 1531330748, 0x5f5f63695f6c6173745f726567656e65726174657c693a313533313333303435313b),
('057ddfc42fee67ccf78d6cd289a91764b0e733ce', '::1', 1531330959, 0x5f5f63695f6c6173745f726567656e65726174657c693a313533313333303735393b),
('128f15cb40588b60d5697c23b5fb21a50bd3a47f', '::1', 1531331231, 0x5f5f63695f6c6173745f726567656e65726174657c693a313533313333313233313b),
('1622846c444efe7b30279808334d60651d08cf2d', '::1', 1531331806, 0x5f5f63695f6c6173745f726567656e65726174657c693a313533313333313535323b),
('3d6220712cc92d952bb8c56eb58731cc9fd7386a', '::1', 1531331976, 0x5f5f63695f6c6173745f726567656e65726174657c693a313533313333313931373b),
('ba8787502fb4cc1301b5bb128a024bc4be96ac3d', '::1', 1531335275, 0x5f5f63695f6c6173745f726567656e65726174657c693a313533313333353031333b6964656e746974797c733a31353a226a616e40756e69636f6d692e636f6d223b656d61696c7c733a31353a226a616e40756e69636f6d692e636f6d223b757365725f69647c733a323a223130223b6f6c645f6c6173745f6c6f67696e7c733a31393a22323031382d30372d31312030373a33343a3439223b6c6173745f636865636b7c693a313533313333353035373b),
('b66d8b1cb1859f2ca26e7aeb930fac90aa58dd93', '::1', 1531335476, 0x5f5f63695f6c6173745f726567656e65726174657c693a313533313333353335323b6964656e746974797c733a31353a226a616e40756e69636f6d692e636f6d223b656d61696c7c733a31353a226a616e40756e69636f6d692e636f6d223b757365725f69647c733a323a223130223b6f6c645f6c6173745f6c6f67696e7c733a31393a22323031382d30372d31312030373a33343a3439223b6c6173745f636865636b7c693a313533313333353035373b),
('e162573a147959f1c418ca85d5b5af9eadd70c77', '::1', 1531335927, 0x5f5f63695f6c6173745f726567656e65726174657c693a313533313333353734383b6964656e746974797c733a31353a226a616e40756e69636f6d692e636f6d223b656d61696c7c733a31353a226a616e40756e69636f6d692e636f6d223b757365725f69647c733a323a223130223b6f6c645f6c6173745f6c6f67696e7c733a31393a22323031382d30372d31312030373a33343a3439223b6c6173745f636865636b7c693a313533313333353035373b),
('ac740c315ecceee50932bb185aafab9903d335a7', '::1', 1531336064, 0x5f5f63695f6c6173745f726567656e65726174657c693a313533313333363036343b6964656e746974797c733a31353a226a616e40756e69636f6d692e636f6d223b656d61696c7c733a31353a226a616e40756e69636f6d692e636f6d223b757365725f69647c733a323a223130223b6f6c645f6c6173745f6c6f67696e7c733a31393a22323031382d30372d31312030373a33343a3439223b6c6173745f636865636b7c693a313533313333353035373b),
('caa4b91347f929e6ed560210ae4c8d5a1e7a5fa2', '::1', 1531336413, 0x5f5f63695f6c6173745f726567656e65726174657c693a313533313333363431333b6964656e746974797c733a31353a226a616e40756e69636f6d692e636f6d223b656d61696c7c733a31353a226a616e40756e69636f6d692e636f6d223b757365725f69647c733a323a223130223b6f6c645f6c6173745f6c6f67696e7c733a31393a22323031382d30372d31312030373a33343a3439223b6c6173745f636865636b7c693a313533313333353035373b),
('5c838413a90a13a3e909b09b94b145b8d4ee17ef', '::1', 1531337807, 0x5f5f63695f6c6173745f726567656e65726174657c693a313533313333373739383b6964656e746974797c733a31353a226a616e40756e69636f6d692e636f6d223b656d61696c7c733a31353a226a616e40756e69636f6d692e636f6d223b757365725f69647c733a323a223130223b6f6c645f6c6173745f6c6f67696e7c733a31393a22323031382d30372d31312030373a33343a3439223b6c6173745f636865636b7c693a313533313333353035373b),
('f465d91dcede99f7e687f38bbd1d74d6d91d7ea8', '::1', 1531338585, 0x5f5f63695f6c6173745f726567656e65726174657c693a313533313333383436303b6964656e746974797c733a31353a226a616e40756e69636f6d692e636f6d223b656d61696c7c733a31353a226a616e40756e69636f6d692e636f6d223b757365725f69647c733a323a223130223b6f6c645f6c6173745f6c6f67696e7c733a31393a22323031382d30372d31322030323a35303a3537223b6c6173745f636865636b7c693a313533313333383537383b),
('d15d6d16ae3b5281ab2a48e4f632acb6a63a0113', '::1', 1531338939, 0x5f5f63695f6c6173745f726567656e65726174657c693a313533313333383933393b6964656e746974797c733a31353a226a616e40756e69636f6d692e636f6d223b656d61696c7c733a31353a226a616e40756e69636f6d692e636f6d223b757365725f69647c733a323a223130223b6f6c645f6c6173745f6c6f67696e7c733a31393a22323031382d30372d31322030323a35303a3537223b6c6173745f636865636b7c693a313533313333383537383b),
('858775acff29e528fcd2cf18dd8e3d341497d0b4', '::1', 1531339834, 0x5f5f63695f6c6173745f726567656e65726174657c693a313533313333393635353b6964656e746974797c733a31353a226a616e40756e69636f6d692e636f6d223b656d61696c7c733a31353a226a616e40756e69636f6d692e636f6d223b757365725f69647c733a323a223130223b6f6c645f6c6173745f6c6f67696e7c733a31393a22323031382d30372d31322030323a35303a3537223b6c6173745f636865636b7c693a313533313333383537383b),
('8984469233c130936c89487c046c139ebda13a20', '::1', 1531342944, 0x5f5f63695f6c6173745f726567656e65726174657c693a313533313334323934313b6964656e746974797c733a31353a226a616e40756e69636f6d692e636f6d223b656d61696c7c733a31353a226a616e40756e69636f6d692e636f6d223b757365725f69647c733a323a223130223b6f6c645f6c6173745f6c6f67696e7c733a31393a22323031382d30372d31322030323a35303a3537223b6c6173745f636865636b7c693a313533313333383537383b),
('d914c6d2f3a17fe7e9a3550e1e53ac36689253da', '::1', 1531343675, 0x5f5f63695f6c6173745f726567656e65726174657c693a313533313334333637353b6964656e746974797c733a31353a226a616e40756e69636f6d692e636f6d223b656d61696c7c733a31353a226a616e40756e69636f6d692e636f6d223b757365725f69647c733a323a223130223b6f6c645f6c6173745f6c6f67696e7c733a31393a22323031382d30372d31322030323a35303a3537223b6c6173745f636865636b7c693a313533313333383537383b),
('9eb2841a960b0a3a0a508530f6258c9fe6645dac', '::1', 1531344490, 0x5f5f63695f6c6173745f726567656e65726174657c693a313533313334343430383b6964656e746974797c733a31353a226a616e40756e69636f6d692e636f6d223b656d61696c7c733a31353a226a616e40756e69636f6d692e636f6d223b757365725f69647c733a323a223130223b6f6c645f6c6173745f6c6f67696e7c733a31393a22323031382d30372d31322030323a35303a3537223b6c6173745f636865636b7c693a313533313333383537383b),
('7b6ee6fd0f976833dbd14c02c382b9d4d79aa875', '::1', 1531345021, 0x5f5f63695f6c6173745f726567656e65726174657c693a313533313334343732353b6964656e746974797c733a31353a226a616e40756e69636f6d692e636f6d223b656d61696c7c733a31353a226a616e40756e69636f6d692e636f6d223b757365725f69647c733a323a223130223b6f6c645f6c6173745f6c6f67696e7c733a31393a22323031382d30372d31322030323a35303a3537223b6c6173745f636865636b7c693a313533313333383537383b),
('5eb24e117b6d2ce4bc00cafebc2c202c56709fc2', '::1', 1531345603, 0x5f5f63695f6c6173745f726567656e65726174657c693a313533313334353237323b6964656e746974797c733a31353a226a616e40756e69636f6d692e636f6d223b656d61696c7c733a31353a226a616e40756e69636f6d692e636f6d223b757365725f69647c733a323a223130223b6f6c645f6c6173745f6c6f67696e7c733a31393a22323031382d30372d31322030323a35303a3537223b6c6173745f636865636b7c693a313533313333383537383b),
('0c6318e8066888625bc5bdc62e5df339fb6060a8', '::1', 1531347097, 0x5f5f63695f6c6173745f726567656e65726174657c693a313533313334373034363b6964656e746974797c733a31353a226a616e40756e69636f6d692e636f6d223b656d61696c7c733a31353a226a616e40756e69636f6d692e636f6d223b757365725f69647c733a323a223130223b6f6c645f6c6173745f6c6f67696e7c733a31393a22323031382d30372d31322030323a35303a3537223b6c6173745f636865636b7c693a313533313333383537383b),
('57b9e08ddbadbecc1f68937c9669831fd2bec593', '::1', 1531348366, 0x5f5f63695f6c6173745f726567656e65726174657c693a313533313334383333353b6964656e746974797c733a31353a226a616e40756e69636f6d692e636f6d223b656d61696c7c733a31353a226a616e40756e69636f6d692e636f6d223b757365725f69647c733a323a223130223b6f6c645f6c6173745f6c6f67696e7c733a31393a22323031382d30372d31322030323a35303a3537223b6c6173745f636865636b7c693a313533313333383537383b),
('eba0ade65bf937d5595a86f841341828c26fb6c1', '::1', 1531349135, 0x5f5f63695f6c6173745f726567656e65726174657c693a313533313334393133353b6964656e746974797c733a31353a226a616e40756e69636f6d692e636f6d223b656d61696c7c733a31353a226a616e40756e69636f6d692e636f6d223b757365725f69647c733a323a223130223b6f6c645f6c6173745f6c6f67696e7c733a31393a22323031382d30372d31322030323a35303a3537223b6c6173745f636865636b7c693a313533313333383537383b),
('83f5287d4c2583152e63bd416f5a53b8cfac8ceb', '::1', 1531350295, 0x5f5f63695f6c6173745f726567656e65726174657c693a313533313335303032393b6964656e746974797c733a31353a226a616e40756e69636f6d692e636f6d223b656d61696c7c733a31353a226a616e40756e69636f6d692e636f6d223b757365725f69647c733a323a223130223b6f6c645f6c6173745f6c6f67696e7c733a31393a22323031382d30372d31322030323a35303a3537223b6c6173745f636865636b7c693a313533313333383537383b),
('61b9b1388b7551dd1fce0ac1335ebf2c43e7c221', '::1', 1531413281, 0x5f5f63695f6c6173745f726567656e65726174657c693a313533313431333032333b),
('856c12c59ee56d9f92541618f95eb7093ebf339f', '::1', 1531413557, 0x5f5f63695f6c6173745f726567656e65726174657c693a313533313431333338383b6964656e746974797c733a31353a226a616e40756e69636f6d692e636f6d223b656d61696c7c733a31353a226a616e40756e69636f6d692e636f6d223b757365725f69647c733a323a223130223b6f6c645f6c6173745f6c6f67696e7c733a31393a22323031382d30372d31332030303a33383a3535223b6c6173745f636865636b7c693a313533313431333533353b6d6573736167657c733a32393a223c703e4c6f6767656420496e205375636365737366756c6c793c2f703e223b5f5f63695f766172737c613a313a7b733a373a226d657373616765223b733a333a226f6c64223b7d),
('ab9455633f07cea620d534446ef5f1b3323b9f63', '::1', 1531413777, 0x5f5f63695f6c6173745f726567656e65726174657c693a313533313431333737373b6964656e746974797c733a31353a226a616e40756e69636f6d692e636f6d223b656d61696c7c733a31353a226a616e40756e69636f6d692e636f6d223b757365725f69647c733a323a223130223b6f6c645f6c6173745f6c6f67696e7c733a31393a22323031382d30372d31332030303a33383a3535223b6c6173745f636865636b7c693a313533313431333533353b),
('6cd3d825bceaadc69f5e2b54d6e1ab07db8e2733', '::1', 1531414420, 0x5f5f63695f6c6173745f726567656e65726174657c693a313533313431343431333b6964656e746974797c733a31353a226a616e40756e69636f6d692e636f6d223b656d61696c7c733a31353a226a616e40756e69636f6d692e636f6d223b757365725f69647c733a323a223130223b6f6c645f6c6173745f6c6f67696e7c733a31393a22323031382d30372d31332030303a33383a3535223b6c6173745f636865636b7c693a313533313431333533353b),
('fa3a3863eee7f4fffdcece0b6b5a9d080f3720dc', '::1', 1531414492, 0x5f5f63695f6c6173745f726567656e65726174657c693a313533313431343439323b6964656e746974797c733a31353a226a616e40756e69636f6d692e636f6d223b656d61696c7c733a31353a226a616e40756e69636f6d692e636f6d223b757365725f69647c733a323a223130223b6f6c645f6c6173745f6c6f67696e7c733a31393a22323031382d30372d31332030303a33383a3535223b6c6173745f636865636b7c693a313533313431333533353b),
('4f499033f04f848ad22d22fca41a22a45917c7ec', '::1', 1531414493, 0x5f5f63695f6c6173745f726567656e65726174657c693a313533313431343439333b6964656e746974797c733a31353a226a616e40756e69636f6d692e636f6d223b656d61696c7c733a31353a226a616e40756e69636f6d692e636f6d223b757365725f69647c733a323a223130223b6f6c645f6c6173745f6c6f67696e7c733a31393a22323031382d30372d31332030303a33383a3535223b6c6173745f636865636b7c693a313533313431333533353b),
('762eaf282982d0e52a5a0fefcb76ca50247a05d2', '::1', 1531414496, 0x5f5f63695f6c6173745f726567656e65726174657c693a313533313431343439353b6964656e746974797c733a31353a226a616e40756e69636f6d692e636f6d223b656d61696c7c733a31353a226a616e40756e69636f6d692e636f6d223b757365725f69647c733a323a223130223b6f6c645f6c6173745f6c6f67696e7c733a31393a22323031382d30372d31332030303a33383a3535223b6c6173745f636865636b7c693a313533313431333533353b),
('80b659d10bd8e022d89a5945bfa4b8dde903a3c0', '::1', 1531414499, 0x5f5f63695f6c6173745f726567656e65726174657c693a313533313431343439393b6964656e746974797c733a31353a226a616e40756e69636f6d692e636f6d223b656d61696c7c733a31353a226a616e40756e69636f6d692e636f6d223b757365725f69647c733a323a223130223b6f6c645f6c6173745f6c6f67696e7c733a31393a22323031382d30372d31332030303a33383a3535223b6c6173745f636865636b7c693a313533313431333533353b),
('a745eb353e19b525f286389ac4e412e6a356b4f9', '::1', 1531415682, 0x5f5f63695f6c6173745f726567656e65726174657c693a313533313431353536353b6964656e746974797c733a31353a226a616e40756e69636f6d692e636f6d223b656d61696c7c733a31353a226a616e40756e69636f6d692e636f6d223b757365725f69647c733a323a223130223b6f6c645f6c6173745f6c6f67696e7c733a31393a22323031382d30372d31332030303a33383a3535223b6c6173745f636865636b7c693a313533313431333533353b),
('65a4970bc4f344a3765430d1efb79ae37318651b', '::1', 1531433166, 0x5f5f63695f6c6173745f726567656e65726174657c693a313533313433333131333b6964656e746974797c733a31353a226a616e40756e69636f6d692e636f6d223b656d61696c7c733a31353a226a616e40756e69636f6d692e636f6d223b757365725f69647c733a323a223130223b6f6c645f6c6173745f6c6f67696e7c733a31393a22323031382d30372d31332030363a30353a3339223b6c6173745f636865636b7c693a313533313433333134303b),
('c8017a17624e0a2878b47bb597ab04a198bac8b6', '::1', 1531440676, 0x5f5f63695f6c6173745f726567656e65726174657c693a313533313434303633303b),
('774d94e1e523103aa008f0aa918ac2fe05739bbf', '::1', 1531441265, 0x5f5f63695f6c6173745f726567656e65726174657c693a313533313434313139323b),
('7b8629edf3217538b892cc28fb9ad8e9d0111959', '::1', 1531506089, 0x5f5f63695f6c6173745f726567656e65726174657c693a313533313530353830373b6964656e746974797c733a31353a226a616e40756e69636f6d692e636f6d223b656d61696c7c733a31353a226a616e40756e69636f6d692e636f6d223b757365725f69647c733a323a223130223b6f6c645f6c6173745f6c6f67696e7c733a31393a22323031382d30372d31332030363a30353a3430223b6c6173745f636865636b7c693a313533313530353936303b),
('f913448c70e27bf443d5ba3def0de71382d31a20', '::1', 1531505825, 0x5f5f63695f6c6173745f726567656e65726174657c693a313533313530353832353b),
('89dddc8bcdabe9bee7d5edf866d82dd3acf581eb', '::1', 1531506235, 0x5f5f63695f6c6173745f726567656e65726174657c693a313533313530363138323b6964656e746974797c733a31353a2261646d696e4061646d696e2e636f6d223b656d61696c7c733a31353a2261646d696e4061646d696e2e636f6d223b757365725f69647c733a313a2231223b6f6c645f6c6173745f6c6f67696e7c733a31393a22323031382d30362d32372031313a30343a3334223b6c6173745f636865636b7c693a313533313530363231353b),
('b9022bdd35ea25de48171a20ad8d2cae3b2f2816', '::1', 1531506708, 0x5f5f63695f6c6173745f726567656e65726174657c693a313533313530363531323b6964656e746974797c733a31353a2261646d696e4061646d696e2e636f6d223b656d61696c7c733a31353a2261646d696e4061646d696e2e636f6d223b757365725f69647c733a313a2231223b6f6c645f6c6173745f6c6f67696e7c733a31393a22323031382d30362d32372031313a30343a3334223b6c6173745f636865636b7c693a313533313530363231353b),
('ab8d94ed33aaf4d691412cab611d21c989e38d04', '::1', 1531507823, 0x5f5f63695f6c6173745f726567656e65726174657c693a313533313530373832333b6964656e746974797c733a31353a2261646d696e4061646d696e2e636f6d223b656d61696c7c733a31353a2261646d696e4061646d696e2e636f6d223b757365725f69647c733a313a2231223b6f6c645f6c6173745f6c6f67696e7c733a31393a22323031382d30362d32372031313a30343a3334223b6c6173745f636865636b7c693a313533313530363231353b),
('dd0f5ce2827d702d4d9361ee302d181de2856d24', '::1', 1531507837, 0x5f5f63695f6c6173745f726567656e65726174657c693a313533313530373832333b6964656e746974797c733a31353a2261646d696e4061646d696e2e636f6d223b656d61696c7c733a31353a2261646d696e4061646d696e2e636f6d223b757365725f69647c733a313a2231223b6f6c645f6c6173745f6c6f67696e7c733a31393a22323031382d30362d32372031313a30343a3334223b6c6173745f636865636b7c693a313533313530363231353b),
('f761b3495d13ab9b8eb5fe6e67b213ba5fb76a15', '::1', 1531508270, 0x5f5f63695f6c6173745f726567656e65726174657c693a313533313530383236393b6964656e746974797c733a31353a2261646d696e4061646d696e2e636f6d223b656d61696c7c733a31353a2261646d696e4061646d696e2e636f6d223b757365725f69647c733a313a2231223b6f6c645f6c6173745f6c6f67696e7c733a31393a22323031382d30362d32372031313a30343a3334223b6c6173745f636865636b7c693a313533313530363231353b),
('9bc2a34223605882d8b74b052cdcc753ca4d41cb', '::1', 1531525020, 0x5f5f63695f6c6173745f726567656e65726174657c693a313533313532343836343b6964656e746974797c733a31353a2261646d696e4061646d696e2e636f6d223b656d61696c7c733a31353a2261646d696e4061646d696e2e636f6d223b757365725f69647c733a313a2231223b6f6c645f6c6173745f6c6f67696e7c733a31393a22323031382d30372d31342030323a32333a3335223b6c6173745f636865636b7c693a313533313532343838363b),
('38d32306c9f6828a4e6d78ba0d8a8117edd7979e', '::1', 1531776183, 0x5f5f63695f6c6173745f726567656e65726174657c693a313533313737363137393b),
('6da11c709fc1a862e2d6902970ba23cab0097911', '::1', 1531776188, 0x5f5f63695f6c6173745f726567656e65726174657c693a313533313737363138383b),
('da59216bb4a63eb6b1340a754c6d129f74715dff', '::1', 1531776704, 0x5f5f63695f6c6173745f726567656e65726174657c693a313533313737363637343b6964656e746974797c733a31353a2261646d696e4061646d696e2e636f6d223b656d61696c7c733a31353a2261646d696e4061646d696e2e636f6d223b757365725f69647c733a313a2231223b6f6c645f6c6173745f6c6f67696e7c733a31393a22323031382d30372d31342030373a33343a3436223b6c6173745f636865636b7c693a313533313737363637373b),
('0e06c2df99958a6d8b8937527c1bedab85a8a4c8', '::1', 1531844566, 0x5f5f63695f6c6173745f726567656e65726174657c693a313533313834343235373b),
('61f8a0e1a52ba134a71a764cc28279ff13c97043', '::1', 1531846665, 0x5f5f63695f6c6173745f726567656e65726174657c693a313533313834363635343b),
('6167be393c0ff853c234b7d59fbf11dae4ff0ec4', '::1', 1531849017, 0x5f5f63695f6c6173745f726567656e65726174657c693a313533313834393030383b),
('5cbdbf0412e1f698274cf5c85ebd34f9143552ad', '::1', 1531853205, 0x5f5f63695f6c6173745f726567656e65726174657c693a313533313835333139343b),
('5dd6a29c79cbec1a669cf9dfc744b70b35aed82a', '::1', 1531857422, 0x5f5f63695f6c6173745f726567656e65726174657c693a313533313835373431323b),
('23a859096c9facc95fe9e171759384a746cc8dca', '::1', 1531858349, 0x5f5f63695f6c6173745f726567656e65726174657c693a313533313835383334383b),
('0c044002b164fbedd1bb902c41dd26c074f6767d', '::1', 1531859063, 0x5f5f63695f6c6173745f726567656e65726174657c693a313533313835383737333b),
('7bce8288987fd13173530bf2902dbb9e8a8407c7', '::1', 1531859244, 0x5f5f63695f6c6173745f726567656e65726174657c693a313533313835393136323b),
('78c2fd7cac88eca82ce7ddaef98cda0adb8e2ce6', '::1', 1531860583, 0x5f5f63695f6c6173745f726567656e65726174657c693a313533313836303538313b),
('906413da41bb9854d37676bc1f180a92ae0afe92', '::1', 1531860584, 0x5f5f63695f6c6173745f726567656e65726174657c693a313533313836303538343b);
INSERT INTO `ci_sessions` (`id`, `ip_address`, `timestamp`, `data`) VALUES
('d7595d1d34f1a6fba8d6870fc744d85031148fd3', '::1', 1531860876, 0x5f5f63695f6c6173745f726567656e65726174657c693a313533313836303538353b),
('6fb2a64657de1042b5eb1a253d828ba4a89835cc', '::1', 1531861036, 0x5f5f63695f6c6173745f726567656e65726174657c693a313533313836303930363b),
('6af35a6a8eca1d591619c9ab623bbec7390df8a6', '::1', 1531863010, 0x5f5f63695f6c6173745f726567656e65726174657c693a313533313836323939373b),
('874d83f7ace565c3d4214d22cf04fd143c118cda', '::1', 1531865569, 0x5f5f63695f6c6173745f726567656e65726174657c693a313533313836353531383b),
('5de8c0f43c34e105daee307e4b42a7706cf61705', '::1', 1531935093, 0x5f5f63695f6c6173745f726567656e65726174657c693a313533313933353032363b),
('df491b145c51f3143a9741dde5a68e29e4843864', '::1', 1532018212, 0x5f5f63695f6c6173745f726567656e65726174657c693a313533323031383230393b),
('d871bca6f2fc0e96987c6372f5f7326e5b59c241', '::1', 1532018317, 0x5f5f63695f6c6173745f726567656e65726174657c693a313533323031383236373b6964656e746974797c733a31353a2261646d696e4061646d696e2e636f6d223b656d61696c7c733a31353a2261646d696e4061646d696e2e636f6d223b757365725f69647c733a313a2231223b6f6c645f6c6173745f6c6f67696e7c733a31393a22323031382d30372d32302030303a33383a3033223b6c6173745f636865636b7c693a313533323031383238343b),
('14c70a8d2234c301b2f4e10094d3cd0dd05bf41b', '::1', 1532021776, 0x5f5f63695f6c6173745f726567656e65726174657c693a313533323032313736353b6964656e746974797c733a31353a2261646d696e4061646d696e2e636f6d223b656d61696c7c733a31353a2261646d696e4061646d696e2e636f6d223b757365725f69647c733a313a2231223b6f6c645f6c6173745f6c6f67696e7c733a31393a22323031382d30372d32302030303a33383a3033223b6c6173745f636865636b7c693a313533323031383238343b),
('2106b237488023660c867ab842d4af794660e3fb', '::1', 1532025147, 0x5f5f63695f6c6173745f726567656e65726174657c693a313533323032353133373b6964656e746974797c733a31353a2261646d696e4061646d696e2e636f6d223b656d61696c7c733a31353a2261646d696e4061646d696e2e636f6d223b757365725f69647c733a313a2231223b6f6c645f6c6173745f6c6f67696e7c733a31393a22323031382d30372d32302030303a33383a3033223b6c6173745f636865636b7c693a313533323031383238343b),
('831bb154da0340386bf058ad65816ce95bb4100d', '::1', 1532026859, 0x5f5f63695f6c6173745f726567656e65726174657c693a313533323032363835353b6964656e746974797c733a31353a2261646d696e4061646d696e2e636f6d223b656d61696c7c733a31353a2261646d696e4061646d696e2e636f6d223b757365725f69647c733a313a2231223b6f6c645f6c6173745f6c6f67696e7c733a31393a22323031382d30372d32302030303a33383a3033223b6c6173745f636865636b7c693a313533323031383238343b),
('73d0218274380bbc8045f9a20969bdbb7dc54382', '::1', 1532550364, 0x5f5f63695f6c6173745f726567656e65726174657c693a313533323535303336313b),
('1234979d7c75b35b5d2919eef2b4c96e1beb7b02', '::1', 1532550494, 0x5f5f63695f6c6173745f726567656e65726174657c693a313533323535303336363b6964656e746974797c733a31353a2261646d696e4061646d696e2e636f6d223b656d61696c7c733a31353a2261646d696e4061646d696e2e636f6d223b757365725f69647c733a313a2231223b6f6c645f6c6173745f6c6f67696e7c733a31393a22323031382d30372d32302030303a33383a3034223b6c6173745f636865636b7c693a313533323535303437363b),
('c1dc26460280a45ce5c2427fa7a89508f6ba4ea8', '::1', 1532647180, 0x5f5f63695f6c6173745f726567656e65726174657c693a313533323634373137353b),
('6c62684a26455a7cfdb6a31c5637ddfb5f42ab4d', '::1', 1532647350, 0x5f5f63695f6c6173745f726567656e65726174657c693a313533323634373332343b6964656e746974797c733a31353a226a616e40756e69636f6d692e636f6d223b656d61696c7c733a31353a226a616e40756e69636f6d692e636f6d223b757365725f69647c733a323a223130223b6f6c645f6c6173745f6c6f67696e7c733a31393a22323031382d30372d31342030323a31393a3230223b6c6173745f636865636b7c693a313533323634373333393b),
('6b667b81dd73dcf097530fa992174d5bac2bc4f7', '::1', 1532651146, 0x5f5f63695f6c6173745f726567656e65726174657c693a313533323635313134343b),
('f4e4a7e6a7d607f615a302de1ea27686089eddbd', '::1', 1533062201, 0x5f5f63695f6c6173745f726567656e65726174657c693a313533333036323230303b),
('7726c5c4a2230894648919da2070382c8873776c', '::1', 1533062203, 0x5f5f63695f6c6173745f726567656e65726174657c693a313533333036323230303b),
('c5603555c1c36c27552d4788ca99ad6293bae687', '::1', 1533062203, 0x5f5f63695f6c6173745f726567656e65726174657c693a313533333036323230303b),
('66588210efea4ce1796c09678f3d17db2339314e', '::1', 1533063620, 0x5f5f63695f6c6173745f726567656e65726174657c693a313533333036333431393b6964656e746974797c733a31353a2261646d696e4061646d696e2e636f6d223b656d61696c7c733a31353a2261646d696e4061646d696e2e636f6d223b757365725f69647c733a313a2231223b6f6c645f6c6173745f6c6f67696e7c733a31393a22323031382d30372d32372030373a32303a3332223b6c6173745f636865636b7c693a313533333036333432313b),
('b620b6f475bd9430d702b96b18bee11ace4f12b4', '::1', 1533063421, 0x5f5f63695f6c6173745f726567656e65726174657c693a313533333036333432313b6964656e746974797c733a31353a2261646d696e4061646d696e2e636f6d223b656d61696c7c733a31353a2261646d696e4061646d696e2e636f6d223b757365725f69647c733a313a2231223b6f6c645f6c6173745f6c6f67696e7c733a31393a22323031382d30382d30312030323a35373a3031223b6c6173745f636865636b7c693a313533333036333432313b6d6573736167657c733a32393a223c703e4c6f6767656420496e205375636365737366756c6c793c2f703e223b5f5f63695f766172737c613a313a7b733a373a226d657373616765223b733a333a226e6577223b7d),
('d660eba20a0ab666cd0903e8462e5206957217d3', '::1', 1533064812, 0x5f5f63695f6c6173745f726567656e65726174657c693a313533333036343630323b),
('173997919ccdb56de17edcfa437bc54af0e880cb', '::1', 1533064968, 0x5f5f63695f6c6173745f726567656e65726174657c693a313533333036343936363b),
('4682ab3e9e1310452dcccae32ddd4e18c09e2606', '::1', 1533065467, 0x5f5f63695f6c6173745f726567656e65726174657c693a313533333036353435313b6964656e746974797c733a31353a2261646d696e4061646d696e2e636f6d223b656d61696c7c733a31353a2261646d696e4061646d696e2e636f6d223b757365725f69647c733a313a2231223b6f6c645f6c6173745f6c6f67696e7c733a31393a22323031382d30382d30312030323a35373a3031223b6c6173745f636865636b7c693a313533333036353435313b),
('4579b3d7a5c1be98b5c5ec1b44251fc52f426084', '::1', 1533065924, 0x5f5f63695f6c6173745f726567656e65726174657c693a313533333036353831343b6964656e746974797c733a31353a2261646d696e4061646d696e2e636f6d223b656d61696c7c733a31353a2261646d696e4061646d696e2e636f6d223b757365725f69647c733a313a2231223b6f6c645f6c6173745f6c6f67696e7c733a31393a22323031382d30382d30312030323a35373a3031223b6c6173745f636865636b7c693a313533333036353435313b),
('748c468c3d77cd4cd32f57228e8b69d1e28feea8', '::1', 1533066406, 0x5f5f63695f6c6173745f726567656e65726174657c693a313533333036363135363b6964656e746974797c733a31353a2261646d696e4061646d696e2e636f6d223b656d61696c7c733a31353a2261646d696e4061646d696e2e636f6d223b757365725f69647c733a313a2231223b6f6c645f6c6173745f6c6f67696e7c733a31393a22323031382d30382d30312030323a35373a3031223b6c6173745f636865636b7c693a313533333036353435313b),
('375a386c7d2af5f2e6a3d0799428d87d3fe759e2', '::1', 1533066620, 0x5f5f63695f6c6173745f726567656e65726174657c693a313533333036363436303b6964656e746974797c733a31353a2261646d696e4061646d696e2e636f6d223b656d61696c7c733a31353a2261646d696e4061646d696e2e636f6d223b757365725f69647c733a313a2231223b6f6c645f6c6173745f6c6f67696e7c733a31393a22323031382d30382d30312030323a35373a3031223b6c6173745f636865636b7c693a313533333036353435313b),
('57200c80f38a21f50540ff02c729df351dbb47d2', '::1', 1533068355, 0x5f5f63695f6c6173745f726567656e65726174657c693a313533333036383035393b6964656e746974797c733a31353a2261646d696e4061646d696e2e636f6d223b656d61696c7c733a31353a2261646d696e4061646d696e2e636f6d223b757365725f69647c733a313a2231223b6f6c645f6c6173745f6c6f67696e7c733a31393a22323031382d30382d30312030323a35373a3031223b6c6173745f636865636b7c693a313533333036353435313b),
('ea1be36a334da71272fc8ff19cf26a9f129ea0ff', '::1', 1533068574, 0x5f5f63695f6c6173745f726567656e65726174657c693a313533333036383337353b6964656e746974797c733a31353a2261646d696e4061646d696e2e636f6d223b656d61696c7c733a31353a2261646d696e4061646d696e2e636f6d223b757365725f69647c733a313a2231223b6f6c645f6c6173745f6c6f67696e7c733a31393a22323031382d30382d30312030323a35373a3031223b6c6173745f636865636b7c693a313533333036353435313b),
('aad6d61e85d7c4fde23f91fe166466d6f142e375', '::1', 1533068712, 0x5f5f63695f6c6173745f726567656e65726174657c693a313533333036383731323b6964656e746974797c733a31353a2261646d696e4061646d696e2e636f6d223b656d61696c7c733a31353a2261646d696e4061646d696e2e636f6d223b757365725f69647c733a313a2231223b6f6c645f6c6173745f6c6f67696e7c733a31393a22323031382d30382d30312030323a35373a3031223b6c6173745f636865636b7c693a313533333036353435313b),
('abdf03515f442f04585f87d1f410a30383710871', '::1', 1533071441, 0x5f5f63695f6c6173745f726567656e65726174657c693a313533333037313135353b6964656e746974797c733a31353a2261646d696e4061646d696e2e636f6d223b656d61696c7c733a31353a2261646d696e4061646d696e2e636f6d223b757365725f69647c733a313a2231223b6f6c645f6c6173745f6c6f67696e7c733a31393a22323031382d30382d30312030323a35373a3031223b6c6173745f636865636b7c693a313533333036353435313b),
('079d10687c7f3a5be5f4eca7bb6a8ef83a63da35', '::1', 1533071602, 0x5f5f63695f6c6173745f726567656e65726174657c693a313533333037313438343b6964656e746974797c733a31353a2261646d696e4061646d696e2e636f6d223b656d61696c7c733a31353a2261646d696e4061646d696e2e636f6d223b757365725f69647c733a313a2231223b6f6c645f6c6173745f6c6f67696e7c733a31393a22323031382d30382d30312030323a35373a3031223b6c6173745f636865636b7c693a313533333036353435313b),
('1376ea51fe764313f0bf342635b4264789465fbb', '::1', 1533072181, 0x5f5f63695f6c6173745f726567656e65726174657c693a313533333037323034373b6964656e746974797c733a31353a2261646d696e4061646d696e2e636f6d223b656d61696c7c733a31353a2261646d696e4061646d696e2e636f6d223b757365725f69647c733a313a2231223b6f6c645f6c6173745f6c6f67696e7c733a31393a22323031382d30382d30312030323a35373a3031223b6c6173745f636865636b7c693a313533333036353435313b),
('fa49ef93f70f5390dc474155402a0a447bc72360', '::1', 1533072660, 0x5f5f63695f6c6173745f726567656e65726174657c693a313533333037323339303b6964656e746974797c733a31353a2261646d696e4061646d696e2e636f6d223b656d61696c7c733a31353a2261646d696e4061646d696e2e636f6d223b757365725f69647c733a313a2231223b6f6c645f6c6173745f6c6f67696e7c733a31393a22323031382d30382d30312030323a35373a3031223b6c6173745f636865636b7c693a313533333036353435313b),
('86e8c25cf7215bbf05fa1653b7e9003fcdfe3148', '::1', 1533072738, 0x5f5f63695f6c6173745f726567656e65726174657c693a313533333037323733373b6964656e746974797c733a31353a2261646d696e4061646d696e2e636f6d223b656d61696c7c733a31353a2261646d696e4061646d696e2e636f6d223b757365725f69647c733a313a2231223b6f6c645f6c6173745f6c6f67696e7c733a31393a22323031382d30382d30312030323a35373a3031223b6c6173745f636865636b7c693a313533333036353435313b);

-- --------------------------------------------------------

--
-- Table structure for table `deposits`
--

DROP TABLE IF EXISTS `deposits`;
CREATE TABLE IF NOT EXISTS `deposits` (
  `deposit_id` int(11) NOT NULL AUTO_INCREMENT,
  `user_id` int(11) NOT NULL,
  `amount` decimal(15,2) NOT NULL,
  `ref_number` varchar(25) NOT NULL,
  `date_deposit` datetime NOT NULL,
  `date_approved` datetime NOT NULL,
  `status` int(2) NOT NULL DEFAULT '0',
  PRIMARY KEY (`deposit_id`)
) ENGINE=InnoDB AUTO_INCREMENT=3 DEFAULT CHARSET=latin1;

--
-- Dumping data for table `deposits`
--

INSERT INTO `deposits` (`deposit_id`, `user_id`, `amount`, `ref_number`, `date_deposit`, `date_approved`, `status`) VALUES
(1, 4, '10000.00', '123456ABCDEFGH', '2018-06-26 00:00:00', '2018-06-27 21:28:57', 1),
(2, 4, '20000.00', '6548498SDFSDFSDF', '2018-06-22 00:00:00', '0000-00-00 00:00:00', 0);

-- --------------------------------------------------------

--
-- Table structure for table `distributions`
--

DROP TABLE IF EXISTS `distributions`;
CREATE TABLE IF NOT EXISTS `distributions` (
  `distribution_id` int(11) UNSIGNED NOT NULL AUTO_INCREMENT,
  `user_id` int(11) DEFAULT NULL,
  `property_id` int(11) DEFAULT NULL,
  `trust_id` int(11) DEFAULT NULL,
  `amount` decimal(10,2) DEFAULT NULL,
  PRIMARY KEY (`distribution_id`)
) ENGINE=InnoDB AUTO_INCREMENT=4 DEFAULT CHARSET=utf8;

--
-- Dumping data for table `distributions`
--

INSERT INTO `distributions` (`distribution_id`, `user_id`, `property_id`, `trust_id`, `amount`) VALUES
(1, 1, 1, 1, '5000.00'),
(2, 1, 2, 2, '10000.00'),
(3, 2, 2, 2, '10000.00');

-- --------------------------------------------------------

--
-- Table structure for table `districts`
--

DROP TABLE IF EXISTS `districts`;
CREATE TABLE IF NOT EXISTS `districts` (
  `district_id` int(11) NOT NULL AUTO_INCREMENT,
  `district_number` int(11) NOT NULL,
  `district_name` text NOT NULL,
  `status` smallint(2) NOT NULL DEFAULT '0',
  PRIMARY KEY (`district_id`)
) ENGINE=InnoDB AUTO_INCREMENT=29 DEFAULT CHARSET=latin1;

--
-- Dumping data for table `districts`
--

INSERT INTO `districts` (`district_id`, `district_number`, `district_name`, `status`) VALUES
(1, 1, 'Raffles Place, Marina, People\'s Park, Boat Quay', 0),
(2, 2, 'Tanjong Pagar, Chinatown, Anson', 0),
(3, 3, 'Queenstown, Tiong Bahru, Commonwealth, Alexandra', 0),
(4, 4, 'Telok Blangah, Harbourfront', 0),
(5, 5, 'Pasir Panjang, Hong Leong Garden, Clementi New Town, Buona Vista, West Coast', 0),
(6, 6, 'City Hall, Clarke Quay', 0),
(7, 7, 'Beach Road, Bugis, Rochor', 0),
(8, 8, 'Farrer Park, Serangoon Rd', 0),
(9, 9, 'Orchard, Cairnhill, River Valley', 0),
(10, 10, 'Ardmore, Bukit Timah, Holland Road, Tanglin', 0),
(11, 11, 'Newton, Novena', 0),
(12, 12, 'Balestier, Toa Payoh', 0),
(13, 13, 'Potong Pasir, Macpherson, Braddell', 0),
(14, 14, 'Geylang, Eunos, Paya Lebar', 0),
(15, 15, 'East Coast, Marine Parade, Katong, Joo Chiat', 0),
(16, 16, 'Bedok, Upper East Coast', 0),
(17, 17, 'Changi Airport, Changi Village', 0),
(18, 18, 'Tampines, Pasir Ris', 0),
(19, 19, 'Hougang, Punggol, Sengkang', 0),
(20, 20, 'Ang Mo Kio, Bishan, Thomson', 0),
(21, 21, 'Clementi Park, Upper Bukit Timah', 0),
(22, 22, 'Boon Lay, Jurong, Tuas', 0),
(23, 23, 'Bukit Batok, Bukit Panjang, Choa Chu Kang', 0),
(24, 24, 'Lim Chu Kang, Tengah', 0),
(25, 25, 'Admiralty, Woodlands', 0),
(26, 26, 'Mandai, Upper Thomson', 0),
(27, 27, 'Sembawang, Yishun', 0),
(28, 28, 'Seletar, Yio Chu Kang', 0);

-- --------------------------------------------------------

--
-- Table structure for table `email_templates`
--

DROP TABLE IF EXISTS `email_templates`;
CREATE TABLE IF NOT EXISTS `email_templates` (
  `id` int(9) UNSIGNED NOT NULL AUTO_INCREMENT,
  `name` varchar(50) DEFAULT NULL,
  `subject` varchar(100) DEFAULT NULL,
  `content` text NOT NULL,
  PRIMARY KEY (`id`)
) ENGINE=InnoDB AUTO_INCREMENT=2 DEFAULT CHARSET=utf8;

--
-- Dumping data for table `email_templates`
--

INSERT INTO `email_templates` (`id`, `name`, `subject`, `content`) VALUES
(1, 'request-new-topic.html no agenda', '[uberABM] - request for a new topic', '<!DOCTYPE html PUBLIC \"-//W3C//DTD XHTML 1.0 Transitional//EN\" \"http://www.w3.org/TR/xhtml1/DTD/xhtml1-transitional.dtd\">\n<html xmlns=\"http://www.w3.org/1999/xhtml\">\n<head>\n<meta http-equiv=\"Content-Type\" content=\"text/html; charset=UTF-8\" />\n<title>UberABM</title>\n<meta name=\"viewport\" content=\"width=device-width, initial-scale=1.0\"/>\n</head>\n<body style=\"margin: 0; padding: 0;\">\n	<table  align=\"center\" border=\"0\" cellpadding=\"0\" cellspacing=\"0\" width=\"600\" style=\"border-collapse: collapse;border:1px solid #c4c4c4;\">	\n		<tr>\n			<td>\n				<table align=\"center\" border=\"0\" cellpadding=\"0\" cellspacing=\"0\" style=\" border-collapse: collapse;\">\n					<td style=\"padding:0 15px;\" width=\"290\" align=\"left\">\n						<img src=\"{url}assets/edm/logo.png\" alt=\"\" width=\"230\" height=\"76\" style=\"display: block;padding:0;margin:0;\">\n					</td>\n					<td style=\"padding:0 15px;\" width=\"290\" align=\"right\">\n						<img src=\"{url}assets/edm/juniper-logo.jpg\" alt=\"\" width=\"143\" height=\"48\" style=\"display: block;padding:0;margin:0;\">\n					</td>\n				</table>\n			</td>\n		</tr>\n		<tr>\n			<td>\n				<table align=\"center\" border=\"0\" cellpadding=\"0\" cellspacing=\"0\" width=\"560\" style=\" border-collapse: collapse;background: #13222f;\">\n					<td align=\"left\" style=\"padding-left: 20px;\">\n						<h2 style=\"font-size: 24px;color:#d4c440;text-transform: uppercase;font-family:  Helvetica,sans-serif;font-weight: 200;\">\n							Time to tap into your expertise!\n						</h2>\n					</td>\n					<td align=\"right\">\n						<img src=\"{url}assets/edm/header-right.jpg\" alt=\"IOT\" width=\"186\" height=\"150\" style=\"display: block;\" />\n					</td>\n				</table>\n			</td>\n		</tr>\n		<tr>\n			<td style=\"padding:0;\">\n				<table align=\"center\" border=\"0\" cellpadding=\"0\" cellspacing=\"0\" width=\"560\" style=\" border-collapse: collapse;\">\n					\n					<tr>\n						<td bgcolor=\"#EFEFEF\" style=\"padding: 50px 30px 0px 30px;\">\n							<table border=\"0\" cellpadding=\"0\" cellspacing=\"0\" width=\"100%\">\n								<tr>\n									<td align=\"center\" style=\"padding: 0 0 20px 0; color: #13222F; font-family:  Helvetica,sans-serif;font-weight: 200; font-size: 12px; line-height: 20px;\">\n										Dear {speaker_name},\n\n									</td>\n								</tr>\n								<tr>\n									\n									<td  align=\"center\" style=\"padding:0 0 50px 0;color: #13222F; font-family:  Helvetica,sans-serif;font-weight: 200; font-size: 12px; line-height: 20px;\">\n										{requestor_name} has requested for a new topic under {category_name} and we would need your advice in creating such a content. Please help with the following::\n\n									</td>\n								</tr>\n								<tr>\n									<td align=\"center\" style=\"border-bottom: 2px solid #13222F;\">\n										<img src=\"{url}assets/edm/req.png\" alt=\"Requirements\" width=\"132\" height=\"14\" style=\"display: block;\" />\n									</td>\n								</tr>\n								<tr>\n										<td align=\"center\" style=\"padding:10px 0 0 0;color: #13222F; font-family:  Helvetica,sans-serif;font-weight: 200; font-size: 12px; line-height: 20px;\">\n											<span style=\"font-weight: bold;\">Category</span>: {category_name} <br>\n											<span style=\"font-weight: bold;\">About the new topic</span>:{about} <br>\n											<span style=\"font-weight: bold;\">Reason(s) for the new topic</span>: {why}\n										</td>\n								</tr>\n								<tr>\n									<td style=\"padding:50px 0;\">\n										<table align=\"center\" border=\"0\" cellpadding=\"0\" cellspacing=\"0\" width=\"221\">\n												<td align=\"center\" style=\"font-family:  Helvetica,sans-serif;font-weight: normal; font-size: 12px;text-transform: uppercase;border:1px solid #13222F;height: 30px;\">\n												<a href=\"{url}\" style=\"text-decoration: none;color: #13222F; display: block;margin-top: 2px;\">VIEW DETAILS </a>\n												</td>\n										</table>\n									</td>\n								</tr>\n								<tr>\n									<td style=\"padding:0 0 30px 0;\">\n										<table align=\"center\" border=\"0\" cellpadding=\"0\" cellspacing=\"0\">\n												<td align=\"center\" style=\"font-family:  Helvetica,sans-serif;font-weight: normal; font-size: 12px;color:#13222F;\">\n													<b>Brought to you by:</b><br><br>\n													APAC Rolling Thunder Team\n												</td>\n										</table>\n									</td>\n								</tr>\n							</table>\n						</td>\n					</tr>\n					<tr>\n						<td>&nbsp;</td>\n					</tr>\n					<tr>\n						<td bgcolor=\"#00587b\" style=\"padding: 20px 0px 0 20px;\">\n							<table border=\"0\" cellpadding=\"0\" cellspacing=\"0\" width=\"100%\">\n								<tr>\n									<td width=\"220\" valign=\"top\" style=\"padding-top: 20px;\">\n										<table border=\"0\" cellpadding=\"0\" cellspacing=\"0\" width=\"100%\">\n											<tr>\n												\n													<td style=\"color:#fff;font-family:Helvetica,sans-serif;font-size: 14px;padding-bottom: 10px;\">Get SOCIAL with us</td>\n												\n											</tr>\n											<tr>\n												<td>\n													<table border=\"0\" cellpadding=\"0\" cellspacing=\"0\" width=\"150\">\n														<tr>\n															<td>\n																<table>\n																	<tr>\n																 		<td width=\"35\">\n																 			<a style=\"text-decoration:none;\" href=\"https://www.facebook.com/JuniperNetworks/\" target=\"_blank\">\n																	 		<img src=\"http://apacjuniper.net/assets/frontend/img/fb.png\" alt=\"Creating Email Magic\" width=\"32\" height=\"32\" style=\"display: block;padding:0;margin:0;\" />\n																	 		</a>\n																 		</td>\n																 		<td width=\"35\">\n																 			 <a style=\"text-decoration:none;\" href=\"https://twitter.com/JuniperNetworks/\" target=\"_blank\"><img src=\"http://apacjuniper.net/assets/frontend/img/tw.png\" style=\"display:block; margin:0; padding:0; line-height:0;border: 0\" width=\"32\" height=\"32\"></a>\n																 		</td>\n																 		<td width=\"35\">\n																	 			 <a style=\"text-decoration:none;\" href=\"https://www.youtube.com/user/JuniperNetworks\" target=\"_blank\"><img src=\"http://apacjuniper.net/assets/frontend/img/youtub.png\" style=\"display:block; margin:0; padding:0; line-height:0;border: 0\" width=\"32\" height=\"32\"></a>\n																	 		</td>\n																	 		<td width=\"35\">\n																	 			<a style=\"text-decoration:none;\" href=\"https://www.linkedin.com/company/juniper-networks\" target=\"_blank\"><img src=\"http://apacjuniper.net/assets/frontend/img/linkin.png\" style=\"display:block; margin:0; padding:0; line-height:0;border: 0\" width=\"32\" height=\"32\"></a>\n																	 		</td>\n																	 	</tr>\n																</table>\n															</td>\n														</tr>\n													</table>\n												</td>\n											</tr>\n										</table>\n									</td>\n									<td align=\"right\" width=\"350\">\n\n										<img src=\"{url}assets/edm/footer-tips.png\" alt=\"Creating Email Magic\" width=\"320\" height=\"85\" style=\"display: block;padding:0;margin:0;\" />\n									</td>\n								</tr>\n							</table>\n						</td>\n					</tr>\n					<tr>						\n                        <td bgcolor=\"#00587b\" style=\"padding:20px 0\">\n                         	<table align=\"right\" border=\"0\" cellpadding=\"0\" cellspacing=\"0\" width=\"84\">\n                         		<tr>\n                         			 <td align=\"right\" style=\"color:#fff;font-family:Helvetica,sans-serif;font-weight: normal; font-size: 12px;padding-right: 20px;\"><a href=\"http://www.juniper.net/us/en/\" style=\"color:#ffffff;text-decoration: none;\"\n                                  target=\"_blank\">www.juniper.net</a>\n                                  </td>\n                         		</tr>\n                         	</table>\n                     	</td>\n					</tr>\n					<tr>\n						<td>&nbsp;</td>\n					</tr>\n				</table>\n			</td>\n		</tr>\n	</table>\n\n<!--analytics-->\n<!-- <script src=\"http://code.jquery.com/jquery-1.10.1.min.js\"></script>\n<script src=\"http://tutsplus.github.io/github-analytics/ga-tracking.min.js\"></script> -->\n\n</body>\n</html>');

-- --------------------------------------------------------

--
-- Table structure for table `fund_transaction`
--

DROP TABLE IF EXISTS `fund_transaction`;
CREATE TABLE IF NOT EXISTS `fund_transaction` (
  `fund_transaction_id` int(11) NOT NULL AUTO_INCREMENT,
  `user_id` int(11) DEFAULT NULL,
  `bank_account_id` int(11) NOT NULL,
  `fund_transaction_type` int(2) NOT NULL COMMENT 'Credit / debit (Depost/withdraw)',
  `amount` decimal(15,2) NOT NULL,
  `dtstamp` datetime NOT NULL,
  `status` int(2) NOT NULL DEFAULT '0',
  PRIMARY KEY (`fund_transaction_id`)
) ENGINE=InnoDB AUTO_INCREMENT=3 DEFAULT CHARSET=latin1;

--
-- Dumping data for table `fund_transaction`
--

INSERT INTO `fund_transaction` (`fund_transaction_id`, `user_id`, `bank_account_id`, `fund_transaction_type`, `amount`, `dtstamp`, `status`) VALUES
(1, 1, 1, 1, '10000.00', '2018-04-25 00:00:00', 1),
(2, 1, 1, -1, '5000.00', '2018-04-27 00:00:00', 1);

-- --------------------------------------------------------

--
-- Table structure for table `groups`
--

DROP TABLE IF EXISTS `groups`;
CREATE TABLE IF NOT EXISTS `groups` (
  `id` mediumint(8) UNSIGNED NOT NULL AUTO_INCREMENT,
  `name` varchar(20) NOT NULL,
  `description` varchar(100) NOT NULL,
  PRIMARY KEY (`id`)
) ENGINE=InnoDB AUTO_INCREMENT=8 DEFAULT CHARSET=utf8;

--
-- Dumping data for table `groups`
--

INSERT INTO `groups` (`id`, `name`, `description`) VALUES
(1, 'admin', 'Super Administrator'),
(2, 'account manager', 'Account Manager'),
(3, 'property manager', 'Property Manager'),
(4, 'content manager', 'Content Manager'),
(5, 'user', 'User'),
(6, 'real estate agent', 'Real Estate Agent'),
(7, 'promoters', 'Promoters');

-- --------------------------------------------------------

--
-- Table structure for table `investment_taxes`
--

DROP TABLE IF EXISTS `investment_taxes`;
CREATE TABLE IF NOT EXISTS `investment_taxes` (
  `investment_tax_id` int(11) UNSIGNED NOT NULL AUTO_INCREMENT,
  `investment_id` int(11) DEFAULT NULL,
  PRIMARY KEY (`investment_tax_id`)
) ENGINE=InnoDB DEFAULT CHARSET=utf8;

-- --------------------------------------------------------

--
-- Table structure for table `login_attempts`
--

DROP TABLE IF EXISTS `login_attempts`;
CREATE TABLE IF NOT EXISTS `login_attempts` (
  `id` int(11) UNSIGNED NOT NULL AUTO_INCREMENT,
  `ip_address` varchar(15) NOT NULL,
  `login` varchar(100) NOT NULL,
  `time` int(11) UNSIGNED DEFAULT NULL,
  PRIMARY KEY (`id`)
) ENGINE=InnoDB AUTO_INCREMENT=66 DEFAULT CHARSET=utf8;

--
-- Dumping data for table `login_attempts`
--

INSERT INTO `login_attempts` (`id`, `ip_address`, `login`, `time`) VALUES
(55, '116.197.188.14', 'bhuston@mailinator.com', 1507783932),
(57, '116.197.188.14', 'bhutson', 1507790753),
(58, '124.66.158.146', 'organizer@organizer.com', 1507804032),
(59, '124.66.158.146', 'abletan@juniper.net', 1507806420),
(60, '124.66.158.146', 'abletan@juniper.net', 1507806434),
(61, '124.66.158.146', 'abletan@juniper.net', 1507806447),
(62, '116.86.2.248', 'organizer@organizer.com', 1507849830),
(65, '116.86.2.248', 'organizer@organizer.com', 1507852107);

-- --------------------------------------------------------

--
-- Table structure for table `message`
--

DROP TABLE IF EXISTS `message`;
CREATE TABLE IF NOT EXISTS `message` (
  `message_id` int(11) NOT NULL AUTO_INCREMENT,
  `sender_id` int(11) NOT NULL,
  `recipient_id` int(11) NOT NULL,
  `property_id` int(11) NOT NULL,
  `message` text NOT NULL,
  `dtstamp` datetime NOT NULL,
  `status` int(2) NOT NULL DEFAULT '0',
  PRIMARY KEY (`message_id`)
) ENGINE=InnoDB DEFAULT CHARSET=latin1;

-- --------------------------------------------------------

--
-- Table structure for table `orders`
--

DROP TABLE IF EXISTS `orders`;
CREATE TABLE IF NOT EXISTS `orders` (
  `trade_id` int(11) UNSIGNED NOT NULL AUTO_INCREMENT,
  `user_id` int(11) DEFAULT NULL,
  `property_id` int(11) DEFAULT NULL,
  `trust_id` int(11) DEFAULT NULL,
  `units` int(11) DEFAULT NULL,
  `final_amount` decimal(11,0) DEFAULT NULL,
  `amount_before_tax` decimal(11,0) DEFAULT NULL COMMENT 'raw amount (units * price per unit)',
  `platform_fee_percentage` decimal(10,0) DEFAULT NULL COMMENT 'percentage',
  `platform_fee_amount` decimal(10,0) DEFAULT NULL,
  `tax_percentage` decimal(10,0) DEFAULT NULL COMMENT 'percentage',
  `tax_amount` decimal(11,0) DEFAULT NULL,
  `status` int(11) DEFAULT NULL COMMENT '0=pending; 1=approve; 2=unfulfilled',
  `dtstamp` datetime DEFAULT NULL,
  PRIMARY KEY (`trade_id`)
) ENGINE=InnoDB AUTO_INCREMENT=3 DEFAULT CHARSET=utf8;

--
-- Dumping data for table `orders`
--

INSERT INTO `orders` (`trade_id`, `user_id`, `property_id`, `trust_id`, `units`, `final_amount`, `amount_before_tax`, `platform_fee_percentage`, `platform_fee_amount`, `tax_percentage`, `tax_amount`, `status`, `dtstamp`) VALUES
(1, 1, 1, 1, 1000, '1210000', '1000000', '2', '20000', '19', '190000', 1, '2018-04-24 13:00:00'),
(2, 1, 2, 2, 50, '5000', NULL, NULL, NULL, NULL, NULL, 0, NULL);

-- --------------------------------------------------------

--
-- Table structure for table `platform_fees`
--

DROP TABLE IF EXISTS `platform_fees`;
CREATE TABLE IF NOT EXISTS `platform_fees` (
  `platform_fee_id` int(11) NOT NULL AUTO_INCREMENT,
  `trust_cash_account_id` int(11) NOT NULL,
  `amount` decimal(15,2) NOT NULL,
  `date` datetime NOT NULL,
  `status` int(2) NOT NULL DEFAULT '0',
  PRIMARY KEY (`platform_fee_id`)
) ENGINE=InnoDB DEFAULT CHARSET=latin1;

-- --------------------------------------------------------

--
-- Table structure for table `platform_fee_details`
--

DROP TABLE IF EXISTS `platform_fee_details`;
CREATE TABLE IF NOT EXISTS `platform_fee_details` (
  `platform_fee_detail_id` int(11) NOT NULL AUTO_INCREMENT,
  `platform_fee_id` int(11) NOT NULL,
  `user_id` int(11) NOT NULL,
  `amount` decimal(15,2) NOT NULL,
  `trade_id` int(11) NOT NULL,
  `date` datetime NOT NULL,
  `status` int(2) NOT NULL,
  PRIMARY KEY (`platform_fee_detail_id`)
) ENGINE=InnoDB DEFAULT CHARSET=latin1;

-- --------------------------------------------------------

--
-- Table structure for table `promoter_commisions`
--

DROP TABLE IF EXISTS `promoter_commisions`;
CREATE TABLE IF NOT EXISTS `promoter_commisions` (
  `promoter_commission_id` int(11) NOT NULL AUTO_INCREMENT,
  `promoter_id` int(11) NOT NULL COMMENT 'user id from users table',
  `total_commisions` decimal(15,2) NOT NULL,
  PRIMARY KEY (`promoter_commission_id`)
) ENGINE=InnoDB DEFAULT CHARSET=latin1;

-- --------------------------------------------------------

--
-- Table structure for table `promoter_referrals`
--

DROP TABLE IF EXISTS `promoter_referrals`;
CREATE TABLE IF NOT EXISTS `promoter_referrals` (
  `promoter_referral_id` int(11) NOT NULL AUTO_INCREMENT,
  `promoter_id` int(11) NOT NULL COMMENT 'user id from users',
  `user_id` int(11) NOT NULL COMMENT 'user id from users',
  PRIMARY KEY (`promoter_referral_id`)
) ENGINE=InnoDB DEFAULT CHARSET=latin1;

-- --------------------------------------------------------

--
-- Table structure for table `promoter_transactions`
--

DROP TABLE IF EXISTS `promoter_transactions`;
CREATE TABLE IF NOT EXISTS `promoter_transactions` (
  `promoter_transaction_id` int(11) NOT NULL AUTO_INCREMENT,
  `promoter_referral_id` int(11) NOT NULL,
  `amount` decimal(15,2) NOT NULL,
  `type` int(2) NOT NULL DEFAULT '0',
  `date` datetime NOT NULL,
  `status` int(2) NOT NULL DEFAULT '0',
  PRIMARY KEY (`promoter_transaction_id`)
) ENGINE=InnoDB DEFAULT CHARSET=latin1;

-- --------------------------------------------------------

--
-- Table structure for table `properties`
--

DROP TABLE IF EXISTS `properties`;
CREATE TABLE IF NOT EXISTS `properties` (
  `property_id` int(11) NOT NULL AUTO_INCREMENT,
  `agent_id` int(11) DEFAULT NULL,
  `property_name` varchar(100) NOT NULL,
  `address` text NOT NULL,
  `district_id` int(11) NOT NULL DEFAULT '0',
  `developer` varchar(100) NOT NULL,
  `property_size` decimal(15,2) NOT NULL,
  `property_price` decimal(15,2) NOT NULL,
  `property_description` text NOT NULL,
  `sqft` int(11) NOT NULL,
  `bedrooms` int(11) NOT NULL,
  `baths` int(11) NOT NULL,
  `floor_level` varchar(100) NOT NULL,
  `furnishing` varchar(100) NOT NULL,
  `tenure` int(11) NOT NULL,
  `top` int(11) NOT NULL,
  `years` int(11) NOT NULL,
  `images` text NOT NULL,
  `tags` text NOT NULL,
  `dtstamp` datetime NOT NULL,
  `status` int(2) DEFAULT '0',
  PRIMARY KEY (`property_id`)
) ENGINE=InnoDB AUTO_INCREMENT=13 DEFAULT CHARSET=latin1;

--
-- Dumping data for table `properties`
--

INSERT INTO `properties` (`property_id`, `agent_id`, `property_name`, `address`, `district_id`, `developer`, `property_size`, `property_price`, `property_description`, `sqft`, `bedrooms`, `baths`, `floor_level`, `furnishing`, `tenure`, `top`, `years`, `images`, `tags`, `dtstamp`, `status`) VALUES
(1, 1, 'Orchard', 'Orchard Rd', 1, 'CapitaLand', '1000.00', '100000.00', 'is simply dummy text of the printing and typesetting industry. Lorem Ipsum has been the industry\'s standard dummy text ever since the 1500s, when an unknown printer took a galley of type and scrambled it to make a type specimen book. It has survived not only five centuries, but also the leap into electronic typesetting, remaining essentially unchanged. It was popularised in the 1960s with the release of Letraset sheets containing Lorem Ipsum passages, and more recently with desktop publishing software like Aldus PageMaker including versions of Lorem Ipsum', 200, 2, 1, '', '', 0, 0, 0, '{\"159c83e78c6d18d5a15ca13c1e545be5\":{\"filename\":\"http:\\/\\/localhost:81\\/microproperties\\/uploads\\/images\\/thumbnails\\/159c83e78c6d18d5a15ca13c1e545be5.jpg\",\"caption\":\"\",\"alt\":\"\",\"sort_order\":\"1\"}}', 'Income,Growth', '2018-04-12 00:00:00', 0),
(2, 2, 'Shaw Towers', 'Chinatown', 2, 'HDB', '1000.00', '200000.00', 'is simply dummy text of the printing and typesetting industry. Lorem Ipsum has been the industry\'s standard dummy text ever since the 1500s, when an unknown printer took a galley of type and scrambled it to make a type specimen book. It has survived not only five centuries, but also the leap into electronic typesetting, remaining essentially unchanged. It was popularised in the 1960s with the release of Letraset sheets containing Lorem Ipsum passages, and more recently with desktop publishing software like Aldus PageMaker including versions of Lorem Ipsum', 1000, 2, 2, '', '', 0, 0, 0, '{\"159c83e78c6d18d5a15ca13c1e545be5\":{\"filename\":\"http:\\/\\/localhost:81\\/microproperties\\/uploads\\/images\\/thumbnails\\/159c83e78c6d18d5a15ca13c1e545be5.jpg\",\"caption\":\"\",\"alt\":\"\",\"sort_order\":\"1\"}}', 'Value,Luxury', '0000-00-00 00:00:00', 0),
(3, 1, 'Lucky Plaza', 'Orchard Rd', 3, 'CapitaLand', '1000.00', '300000.00', 'is simply dummy text of the printing and typesetting industry. Lorem Ipsum has been the industry\'s standard dummy text ever since the 1500s, when an unknown printer took a galley of type and scrambled it to make a type specimen book. It has survived not only five centuries, but also the leap into electronic typesetting, remaining essentially unchanged. It was popularised in the 1960s with the release of Letraset sheets containing Lorem Ipsum passages, and more recently with desktop publishing software like Aldus PageMaker including versions of Lorem Ipsum', 2220, 2, 1, '', '', 0, 0, 0, '{\"159c83e78c6d18d5a15ca13c1e545be5\":{\"filename\":\"http:\\/\\/localhost:81\\/microproperties\\/uploads\\/images\\/thumbnails\\/159c83e78c6d18d5a15ca13c1e545be5.jpg\",\"caption\":\"\",\"alt\":\"\",\"sort_order\":\"1\"}}', 'Income,Growth', '2018-04-12 00:00:00', 0),
(4, 2, 'ION', 'Sim Lim', 4, 'HDB', '1000.00', '400000.00', 'is simply dummy text of the printing and typesetting industry. Lorem Ipsum has been the industry\'s standard dummy text ever since the 1500s, when an unknown printer took a galley of type and scrambled it to make a type specimen book. It has survived not only five centuries, but also the leap into electronic typesetting, remaining essentially unchanged. It was popularised in the 1960s with the release of Letraset sheets containing Lorem Ipsum passages, and more recently with desktop publishing software like Aldus PageMaker including versions of Lorem Ipsum', 3330, 2, 1, '', '', 0, 0, 0, '{\"159c83e78c6d18d5a15ca13c1e545be5\":{\"filename\":\"http:\\/\\/localhost:81\\/microproperties\\/uploads\\/images\\/thumbnails\\/159c83e78c6d18d5a15ca13c1e545be5.jpg\",\"caption\":\"\",\"alt\":\"\",\"sort_order\":\"1\"}}', 'Growth,Entry', '0000-00-00 00:00:00', 0),
(5, 1, 'Somerset', 'Orchard Rd', 5, 'CapitaLand', '1000.00', '500000.00', 'is simply dummy text of the printing and typesetting industry. Lorem Ipsum has been the industry\'s standard dummy text ever since the 1500s, when an unknown printer took a galley of type and scrambled it to make a type specimen book. It has survived not only five centuries, but also the leap into electronic typesetting, remaining essentially unchanged. It was popularised in the 1960s with the release of Letraset sheets containing Lorem Ipsum passages, and more recently with desktop publishing software like Aldus PageMaker including versions of Lorem Ipsum', 4440, 3, 1, '', '', 0, 0, 0, '{\"159c83e78c6d18d5a15ca13c1e545be5\":{\"filename\":\"http:\\/\\/localhost:81\\/microproperties\\/uploads\\/images\\/thumbnails\\/159c83e78c6d18d5a15ca13c1e545be5.jpg\",\"caption\":\"\",\"alt\":\"\",\"sort_order\":\"1\"}}', 'Entry,Value', '2018-04-12 00:00:00', 0),
(6, 2, 'Red Dot', 'Tanjong Pagar', 6, 'HDB', '1000.00', '600000.00', 'is simply dummy text of the printing and typesetting industry. Lorem Ipsum has been the industry\'s standard dummy text ever since the 1500s, when an unknown printer took a galley of type and scrambled it to make a type specimen book. It has survived not only five centuries, but also the leap into electronic typesetting, remaining essentially unchanged. It was popularised in the 1960s with the release of Letraset sheets containing Lorem Ipsum passages, and more recently with desktop publishing software like Aldus PageMaker including versions of Lorem Ipsum', 55550, 5, 1, '', '', 0, 0, 0, '{\"159c83e78c6d18d5a15ca13c1e545be5\":{\"filename\":\"http:\\/\\/localhost:81\\/microproperties\\/uploads\\/images\\/thumbnails\\/159c83e78c6d18d5a15ca13c1e545be5.jpg\",\"caption\":\"\",\"alt\":\"\",\"sort_order\":\"1\"}}', 'Growth,New Release', '0000-00-00 00:00:00', 0),
(7, 1, 'AMK Hub', 'Ang Mo Kio', 6, 'CapitaLand', '1000.00', '700000.00', 'is simply dummy text of the printing and typesetting industry. Lorem Ipsum has been the industry\'s standard dummy text ever since the 1500s, when an unknown printer took a galley of type and scrambled it to make a type specimen book. It has survived not only five centuries, but also the leap into electronic typesetting, remaining essentially unchanged. It was popularised in the 1960s with the release of Letraset sheets containing Lorem Ipsum passages, and more recently with desktop publishing software like Aldus PageMaker including versions of Lorem Ipsum', 6660, 3, 2, '', '', 0, 0, 0, '{\"159c83e78c6d18d5a15ca13c1e545be5\":{\"filename\":\"http:\\/\\/localhost:81\\/microproperties\\/uploads\\/images\\/thumbnails\\/159c83e78c6d18d5a15ca13c1e545be5.jpg\",\"caption\":\"\",\"alt\":\"\",\"sort_order\":\"1\"}}', 'Income,Growth', '2018-04-12 00:00:00', 0),
(8, 1, 'Punggol', 'Chinatown', 1, 'HDB', '1000.00', '900000.00', 'is simply dummy text of the printing and typesetting industry. Lorem Ipsum has been the industry\'s standard dummy text ever since the 1500s, when an unknown printer took a galley of type and scrambled it to make a type specimen book. It has survived not only five centuries, but also the leap into electronic typesetting, remaining essentially unchanged. It was popularised in the 1960s with the release of Letraset sheets containing Lorem Ipsum passages, and more recently with desktop publishing software like Aldus PageMaker including versions of Lorem Ipsum', 7770, 3, 3, '', '', 0, 0, 0, '{\"159c83e78c6d18d5a15ca13c1e545be5\":{\"filename\":\"http:\\/\\/localhost:81\\/microproperties\\/uploads\\/images\\/thumbnails\\/159c83e78c6d18d5a15ca13c1e545be5.jpg\",\"caption\":\"\",\"alt\":\"\",\"sort_order\":\"1\"}}', 'Value,Luxury', '0000-00-00 00:00:00', 0),
(9, 1, 'NEX', 'Orchard Rd', 1, 'CapitaLand', '1000.00', '1000000.00', 'is simply dummy text of the printing and typesetting industry. Lorem Ipsum has been the industry\'s standard dummy text ever since the 1500s, when an unknown printer took a galley of type and scrambled it to make a type specimen book. It has survived not only five centuries, but also the leap into electronic typesetting, remaining essentially unchanged. It was popularised in the 1960s with the release of Letraset sheets containing Lorem Ipsum passages, and more recently with desktop publishing software like Aldus PageMaker including versions of Lorem Ipsum', 88880, 3, 1, '', '', 0, 0, 0, '{\"159c83e78c6d18d5a15ca13c1e545be5\":{\"filename\":\"http:\\/\\/localhost:81\\/microproperties\\/uploads\\/images\\/thumbnails\\/159c83e78c6d18d5a15ca13c1e545be5.jpg\",\"caption\":\"\",\"alt\":\"\",\"sort_order\":\"1\"}}', 'Income,Growth', '2018-04-12 00:00:00', 0),
(10, 3, 'Lucky Plaza', 'Sim Lim', 3, 'HDB', '1000.00', '1100000.00', 'is simply dummy text of the printing and typesetting industry. Lorem Ipsum has been the industry\'s standard dummy text ever since the 1500s, when an unknown printer took a galley of type and scrambled it to make a type specimen book. It has survived not only five centuries, but also the leap into electronic typesetting, remaining essentially unchanged. It was popularised in the 1960s with the release of Letraset sheets containing Lorem Ipsum passages, and more recently with desktop publishing software like Aldus PageMaker including versions of Lorem Ipsum', 9990, 1, 1, '', '', 0, 0, 0, '{\"159c83e78c6d18d5a15ca13c1e545be5\":{\"filename\":\"http:\\/\\/localhost:81\\/microproperties\\/uploads\\/images\\/thumbnails\\/159c83e78c6d18d5a15ca13c1e545be5.jpg\",\"caption\":\"\",\"alt\":\"\",\"sort_order\":\"1\"}}', 'Growth,Entry', '0000-00-00 00:00:00', 0),
(11, 3, 'Queens Town', 'Orchard Rd', 7, 'CapitaLand', '1000.00', '1200000.00', 'is simply dummy text of the printing and typesetting industry. Lorem Ipsum has been the industry\'s standard dummy text ever since the 1500s, when an unknown printer took a galley of type and scrambled it to make a type specimen book. It has survived not only five centuries, but also the leap into electronic typesetting, remaining essentially unchanged. It was popularised in the 1960s with the release of Letraset sheets containing Lorem Ipsum passages, and more recently with desktop publishing software like Aldus PageMaker including versions of Lorem Ipsum', 20000, 2, 1, '', '', 0, 0, 0, '{\"159c83e78c6d18d5a15ca13c1e545be5\":{\"filename\":\"http:\\/\\/localhost:81\\/microproperties\\/uploads\\/images\\/thumbnails\\/159c83e78c6d18d5a15ca13c1e545be5.jpg\",\"caption\":\"\",\"alt\":\"\",\"sort_order\":\"1\"}}', 'Entry,Value', '2018-04-12 00:00:00', 0),
(12, 3, 'Holland Village', 'Tanjong Pagar', 8, 'HDB', '1000.00', '1300000.00', 'is simply dummy text of the printing and typesetting industry. Lorem Ipsum has been the industry\'s standard dummy text ever since the 1500s, when an unknown printer took a galley of type and scrambled it to make a type specimen book. It has survived not only five centuries, but also the leap into electronic typesetting, remaining essentially unchanged. It was popularised in the 1960s with the release of Letraset sheets containing Lorem Ipsum passages, and more recently with desktop publishing software like Aldus PageMaker including versions of Lorem Ipsum', 10000, 3, 2, '', '', 0, 0, 0, '{\"159c83e78c6d18d5a15ca13c1e545be5\":{\"filename\":\"http:\\/\\/localhost:81\\/microproperties\\/uploads\\/images\\/thumbnails\\/159c83e78c6d18d5a15ca13c1e545be5.jpg\",\"caption\":\"\",\"alt\":\"\",\"sort_order\":\"1\"}}', 'Growth,New Release', '0000-00-00 00:00:00', 0);

-- --------------------------------------------------------

--
-- Table structure for table `property_valuation`
--

DROP TABLE IF EXISTS `property_valuation`;
CREATE TABLE IF NOT EXISTS `property_valuation` (
  `id` int(11) UNSIGNED NOT NULL AUTO_INCREMENT,
  `property_id` int(11) DEFAULT NULL,
  `value` int(11) DEFAULT NULL,
  `date` date DEFAULT NULL,
  `dtstamp` datetime DEFAULT NULL,
  PRIMARY KEY (`id`)
) ENGINE=InnoDB AUTO_INCREMENT=3 DEFAULT CHARSET=utf8;

--
-- Dumping data for table `property_valuation`
--

INSERT INTO `property_valuation` (`id`, `property_id`, `value`, `date`, `dtstamp`) VALUES
(1, 1, 1000000, '2018-05-08', NULL),
(2, 1, 1000100, '2018-06-07', NULL);

-- --------------------------------------------------------

--
-- Table structure for table `real_estate_agents`
--

DROP TABLE IF EXISTS `real_estate_agents`;
CREATE TABLE IF NOT EXISTS `real_estate_agents` (
  `agent_id` int(11) UNSIGNED NOT NULL AUTO_INCREMENT,
  `license_id` varchar(50) DEFAULT NULL,
  `first_name` varchar(50) DEFAULT NULL,
  `last_name` varchar(50) DEFAULT NULL,
  `contact_number` varchar(50) DEFAULT NULL,
  `email` varchar(50) DEFAULT '',
  PRIMARY KEY (`agent_id`)
) ENGINE=InnoDB DEFAULT CHARSET=utf8;

-- --------------------------------------------------------

--
-- Table structure for table `trades`
--

DROP TABLE IF EXISTS `trades`;
CREATE TABLE IF NOT EXISTS `trades` (
  `trade_id` int(11) UNSIGNED NOT NULL AUTO_INCREMENT,
  `user_id` int(11) DEFAULT NULL,
  `property_id` int(11) DEFAULT NULL,
  `trust_id` int(11) DEFAULT NULL,
  `units` int(11) DEFAULT NULL,
  `final_amount` decimal(11,0) DEFAULT NULL,
  `amount_before_tax` decimal(11,0) DEFAULT NULL COMMENT 'raw amount (units * price per unit)',
  `platform_fee_amount` decimal(10,0) DEFAULT NULL,
  `tax_percentage` decimal(10,0) DEFAULT NULL COMMENT 'percentage',
  `tax_amount` decimal(11,0) DEFAULT NULL,
  `status` int(11) DEFAULT NULL COMMENT '0=pending; 1=approve; 2=unfulfilled',
  `dtstamp` datetime DEFAULT NULL,
  PRIMARY KEY (`trade_id`)
) ENGINE=InnoDB AUTO_INCREMENT=5 DEFAULT CHARSET=utf8;

--
-- Dumping data for table `trades`
--

INSERT INTO `trades` (`trade_id`, `user_id`, `property_id`, `trust_id`, `units`, `final_amount`, `amount_before_tax`, `platform_fee_amount`, `tax_percentage`, `tax_amount`, `status`, `dtstamp`) VALUES
(1, 1, 1, 1, 1000, '1210000', '1000000', '20000', '19', '190000', -1, '2018-04-24 13:00:00'),
(2, 1, 2, 2, 25, '5200', '5000', NULL, NULL, NULL, NULL, NULL),
(3, 2, 2, 2, 25, '5200', '5000', NULL, NULL, NULL, NULL, NULL),
(4, 8, 1, 1, 1000, '1520000', '1500000', NULL, NULL, NULL, NULL, NULL);

-- --------------------------------------------------------

--
-- Table structure for table `trust_accounts`
--

DROP TABLE IF EXISTS `trust_accounts`;
CREATE TABLE IF NOT EXISTS `trust_accounts` (
  `trust_id` int(11) UNSIGNED NOT NULL AUTO_INCREMENT,
  `property_id` int(11) DEFAULT NULL,
  `units_issued` int(11) DEFAULT NULL,
  `price_per_unit` decimal(10,2) DEFAULT NULL,
  `ammortised_tax_months` int(11) DEFAULT NULL COMMENT '10years = 120; 20 years = 240',
  `cash_buffer` decimal(10,2) DEFAULT NULL COMMENT 'amount',
  `platform_fee_percentage` decimal(10,2) DEFAULT NULL,
  PRIMARY KEY (`trust_id`)
) ENGINE=InnoDB AUTO_INCREMENT=3 DEFAULT CHARSET=utf8;

--
-- Dumping data for table `trust_accounts`
--

INSERT INTO `trust_accounts` (`trust_id`, `property_id`, `units_issued`, `price_per_unit`, `ammortised_tax_months`, `cash_buffer`, `platform_fee_percentage`) VALUES
(1, 1, 1000, '1000.00', 120, '20000.00', '2.00'),
(2, 2, 50, '10000.00', 120, '10000.00', '2.00');

-- --------------------------------------------------------

--
-- Table structure for table `trust_cash_accounts`
--

DROP TABLE IF EXISTS `trust_cash_accounts`;
CREATE TABLE IF NOT EXISTS `trust_cash_accounts` (
  `trust_account_id` int(11) NOT NULL AUTO_INCREMENT,
  `trust_id` int(11) DEFAULT NULL,
  `amount` decimal(15,2) NOT NULL,
  `dtstamp` datetime NOT NULL,
  `status` int(2) NOT NULL DEFAULT '0',
  `for_distribution` int(1) NOT NULL DEFAULT '0',
  PRIMARY KEY (`trust_account_id`)
) ENGINE=InnoDB AUTO_INCREMENT=6 DEFAULT CHARSET=latin1;

--
-- Dumping data for table `trust_cash_accounts`
--

INSERT INTO `trust_cash_accounts` (`trust_account_id`, `trust_id`, `amount`, `dtstamp`, `status`, `for_distribution`) VALUES
(1, 1, '20000.00', '0000-00-00 00:00:00', 0, 0),
(2, 1, '3000.00', '2018-04-01 00:00:00', 0, 0),
(3, 1, '3000.00', '2018-05-01 00:00:00', 0, 0),
(4, 1, '-1000.00', '2018-06-01 00:00:00', 0, 0),
(5, 1, '-5000.00', '2018-07-01 00:00:00', 0, 1);

-- --------------------------------------------------------

--
-- Table structure for table `users`
--

DROP TABLE IF EXISTS `users`;
CREATE TABLE IF NOT EXISTS `users` (
  `id` int(11) UNSIGNED NOT NULL AUTO_INCREMENT,
  `userkey` varchar(100) DEFAULT NULL,
  `ip_address` varchar(45) NOT NULL,
  `username` varchar(100) DEFAULT NULL,
  `password` varchar(255) NOT NULL,
  `salt` varchar(255) DEFAULT NULL,
  `email` varchar(100) NOT NULL,
  `activation_code` varchar(40) DEFAULT NULL,
  `forgotten_password_code` varchar(40) DEFAULT NULL,
  `forgotten_password_time` int(11) UNSIGNED DEFAULT NULL,
  `remember_code` varchar(40) DEFAULT NULL,
  `created_on` datetime NOT NULL,
  `last_login` datetime DEFAULT NULL,
  `active` tinyint(1) UNSIGNED DEFAULT NULL,
  `first_name` varchar(50) DEFAULT NULL,
  `last_name` varchar(50) DEFAULT NULL,
  `identification_number` int(11) DEFAULT NULL,
  `phone` varchar(20) DEFAULT NULL,
  `postal_code` int(11) DEFAULT NULL,
  `dob` date DEFAULT NULL,
  `address` text,
  `unit_number` int(11) DEFAULT NULL,
  `nationality` varchar(100) DEFAULT NULL,
  `race` varchar(100) DEFAULT NULL,
  `religion` varchar(100) DEFAULT NULL,
  `billing_scan` varchar(100) DEFAULT NULL,
  `id_scan` varchar(100) DEFAULT NULL,
  `id_scan_back` varchar(50) DEFAULT NULL,
  `profile_photo` text,
  `agency` varchar(200) DEFAULT NULL,
  `is_complete` int(2) NOT NULL DEFAULT '0',
  `is_password_updated` int(2) NOT NULL DEFAULT '0',
  `newsletter` int(2) NOT NULL DEFAULT '0',
  `status` enum('registered','verified','disabled') NOT NULL DEFAULT 'registered',
  PRIMARY KEY (`id`)
) ENGINE=InnoDB AUTO_INCREMENT=14 DEFAULT CHARSET=utf8;

--
-- Dumping data for table `users`
--

INSERT INTO `users` (`id`, `userkey`, `ip_address`, `username`, `password`, `salt`, `email`, `activation_code`, `forgotten_password_code`, `forgotten_password_time`, `remember_code`, `created_on`, `last_login`, `active`, `first_name`, `last_name`, `identification_number`, `phone`, `postal_code`, `dob`, `address`, `unit_number`, `nationality`, `race`, `religion`, `billing_scan`, `id_scan`, `id_scan_back`, `profile_photo`, `agency`, `is_complete`, `is_password_updated`, `newsletter`, `status`) VALUES
(1, '', '127.0.0.1', 'admin@admin.com', '$2a$07$SeBknntpZror9uyftVopmu61qg0ms8Qv1yV6FG.kQOSM.9QhmTo36', '', 'admin@admin.com', '', NULL, NULL, NULL, '0000-00-00 00:00:00', '2018-08-01 03:30:51', 1, 'Admin', 'Administrator', 0, '0', 0, '0000-00-00', '', 0, '', '', '', '1ef1e76e.png', 'ac3db62d.jpg', 'e2e4a50a.png', '', NULL, 0, 0, 0, 'registered'),
(2, '', '::1', 'dino@unicomi.com', '$2y$08$09a0WqM1e0pV3mXgPUtawOMcEJvUHIJ9TUnTm01ny0sy2adhDqmCW', NULL, 'dino@unicomi.com', NULL, NULL, NULL, NULL, '0000-00-00 00:00:00', NULL, 1, 'Dino', 'Test', 0, NULL, 0, '0000-00-00', '', 0, '', '', '', '', '', NULL, '339e5772.jpg', NULL, 0, 0, 0, 'registered'),
(3, '', '::1', 'rhea@test.com', '$2y$08$6L939nb0PFB3LRs2oTB3H.oHITB2tzOMpwpedEIsWI5jndZfD4U2W', NULL, 'rhea@test.com', NULL, NULL, NULL, NULL, '0000-00-00 00:00:00', NULL, 1, 'Rhea D', 'Test', 0, NULL, 0, '0000-00-00', '', 0, '', '', '', '', '', NULL, '8d966e6e.jpg', NULL, 0, 0, 0, 'registered'),
(4, '', '::1', 'dinouser@mail.com', '$2a$07$SeBknntpZror9uyftVopmu61qg0ms8Qv1yV6FG.kQOSM.9QhmTo36', NULL, 'dinouser@mail.com', NULL, NULL, NULL, NULL, '0000-00-00 00:00:00', '2018-07-07 00:03:22', 1, 'Dino', 'Carino', 0, NULL, 0, '0000-00-00', '', 0, '', '', '', '', '', NULL, '26460861.jpg', NULL, 0, 0, 0, 'registered'),
(5, '', '::1', 'accountmanager@dino.com', '$2y$08$VA9IbUKH0I/Y9aXfzQVYGOfc0.FX2Ho2t9B.TuTwRS6z/kOCeEa9W', NULL, 'accountmanager@dino.com', NULL, NULL, NULL, NULL, '0000-00-00 00:00:00', NULL, 1, 'Account Manager', 'Dino', 0, NULL, 0, '0000-00-00', '', 0, '', '', '', '', '', NULL, '1c831980.jpg', NULL, 0, 0, 0, 'registered'),
(6, '', '::1', 'contentmanager@mail.com', '$2y$08$zauyrTKM8i2bXQ/mPBTtZeTNYy9RDnhIlFHrAaqAZIBKGqtxEH0EG', NULL, 'contentmanager@mail.com', NULL, NULL, NULL, NULL, '0000-00-00 00:00:00', NULL, 1, 'Content', 'Manager', 0, NULL, 0, '0000-00-00', '', 0, '', '', '', '', '', NULL, '21126283_1933068833600223_7861039776709738496_n.gif', NULL, 0, 0, 0, 'registered'),
(7, '', '::1', 'propertymanager@mail.com', '$2y$08$uVlkv34peXRkgq8TtOwhbOQGtxjx8GnrtbQS5Z2A4RrnMK7OpyrKm', NULL, 'propertymanager@mail.com', NULL, NULL, NULL, NULL, '0000-00-00 00:00:00', NULL, 1, 'Property', 'Manager', 0, NULL, 0, '0000-00-00', '', 0, '', '', '', '', '', NULL, '69e83619.png', NULL, 0, 0, 0, 'registered'),
(8, '', '::1', 'dino@unicomi.com', '$2y$08$iSpbCYT0vnNg5pfaiWGbRePLepOwDYStTBPMh94qywUy6WLRzcMcO', NULL, 'dino@unicomi.com', 'Q0G2M0C2I052E072', NULL, NULL, NULL, '0000-00-00 00:00:00', '2018-07-02 14:54:33', 1, 'Dino', NULL, 0, NULL, 0, '0000-00-00', '', 0, '', '', '', '', '', NULL, '', NULL, 0, 0, 0, 'registered'),
(9, '', '::1', 'promoter@mailer.com', '$2y$08$.gV6AlfK8f/bOOdIup7Fw.GP7/f2zpkHhjBf.k4gDXpH/fMSUTEmG', NULL, 'promoter@mailer.com', NULL, NULL, NULL, NULL, '0000-00-00 00:00:00', NULL, 1, 'Promoter', 'Promoter', 0, NULL, 0, '0000-00-00', '', 0, '', '', '', '', '', NULL, '', NULL, 0, 0, 0, 'registered'),
(10, '', '::1', 'jan@unicomi.com', '$2a$07$SeBknntpZror9uyftVopmu61qg0ms8Qv1yV6FG.kQOSM.9QhmTo36', NULL, 'jan@unicomi.com', NULL, NULL, NULL, NULL, '2018-07-02 16:12:08', '2018-07-27 07:22:19', 1, 'Jan Rey', 'Nanat', 20180001, '09071532011', 2518, '1990-01-11', 'Luna, La Union', 125, 'Filipino', 'Filipino', 'Roman Catholic', '', '', NULL, '', NULL, 0, 0, 0, 'registered'),
(11, NULL, '::1', 'jrnanat@gmail.com', '$2y$08$Ij2/SHCpDWDvt5mY3CeUlOTT1048Yx1bSm9ImSl67Tz4mvBPb9NHy', NULL, 'jrnanat@gmail.com', NULL, NULL, NULL, NULL, '2018-07-18 04:57:13', NULL, 1, 'Jan Rey', 'Nanat', NULL, NULL, NULL, NULL, NULL, NULL, NULL, NULL, NULL, NULL, NULL, NULL, '323f63c5.png', NULL, 0, 0, 0, 'registered'),
(12, NULL, '::1', 'jan@mail.com', '$2y$08$yREGqhZ5vP89PFZLZuly1Orga1CO3ceEZoKuGDG5VNa1MXX0WPAAu', NULL, 'jan@mail.com', NULL, NULL, NULL, NULL, '2018-07-18 06:12:46', NULL, 1, 'Jan', 'Navalta', NULL, NULL, NULL, NULL, NULL, NULL, NULL, NULL, NULL, NULL, NULL, NULL, '95d9c1ad.png', NULL, 0, 0, 0, 'registered'),
(13, NULL, '::1', 'jr@mail.com', '$2y$08$RY0cIGFhnwXtp7PFpd99YubrPgQFtxA6XZ2rHH1MD7sai6aEAmdP2', NULL, 'jr@mail.com', NULL, NULL, NULL, NULL, '2018-07-20 02:32:19', NULL, 1, 'Jan Rey', 'Nanat', NULL, NULL, NULL, NULL, NULL, NULL, NULL, NULL, NULL, NULL, NULL, NULL, '160bdd6c.png', NULL, 0, 0, 0, 'registered');

-- --------------------------------------------------------

--
-- Table structure for table `users_bank_details`
--

DROP TABLE IF EXISTS `users_bank_details`;
CREATE TABLE IF NOT EXISTS `users_bank_details` (
  `bank_account_id` int(11) NOT NULL AUTO_INCREMENT,
  `user_id` int(11) NOT NULL,
  `bank_name` varchar(100) NOT NULL,
  `swift_code` varchar(25) NOT NULL,
  `account_no` varchar(15) NOT NULL,
  `account_name` varchar(100) NOT NULL,
  `dtstamp` datetime NOT NULL,
  `status` int(2) NOT NULL DEFAULT '0',
  PRIMARY KEY (`bank_account_id`)
) ENGINE=InnoDB AUTO_INCREMENT=19 DEFAULT CHARSET=latin1;

--
-- Dumping data for table `users_bank_details`
--

INSERT INTO `users_bank_details` (`bank_account_id`, `user_id`, `bank_name`, `swift_code`, `account_no`, `account_name`, `dtstamp`, `status`) VALUES
(1, 4, 'AUB', '87465132', '87465132', 'DINO PAOLO S CARINO', '2018-04-12 00:00:00', 0),
(2, 4, 'BDO', '1234567', '1234567', 'DINO PAOLO S CARINO', '0000-00-00 00:00:00', 0),
(3, 4, 'BPI', '987654321', '987654321', 'RHEA CARINO', '0000-00-00 00:00:00', 0),
(4, 4, 'AnyBank', '123456', '111-222-333', 'JAN', '2018-07-07 12:28:40', 0),
(5, 4, 'MetroBank', '22222', '222-222-222', 'JAN REY', '2018-07-07 12:28:49', 0),
(12, 10, 'CITIBANK Singapore Ltd', '123457', '111-222-333', 'JAN', '2018-07-07 05:36:17', 0),
(16, 10, 'CITIBANK Singapore Ltd', '112222', '222-222-222', '1111111', '2018-07-07 05:43:56', 0),
(18, 10, 'bpi', '123456', '111-222-233', 'JAN', '2018-07-07 05:51:14', 0);

-- --------------------------------------------------------

--
-- Table structure for table `users_groups`
--

DROP TABLE IF EXISTS `users_groups`;
CREATE TABLE IF NOT EXISTS `users_groups` (
  `id` int(11) UNSIGNED NOT NULL AUTO_INCREMENT,
  `user_id` int(11) UNSIGNED NOT NULL,
  `group_id` mediumint(8) UNSIGNED NOT NULL,
  PRIMARY KEY (`id`),
  UNIQUE KEY `uc_users_groups` (`user_id`,`group_id`),
  KEY `fk_users_groups_users1_idx` (`user_id`),
  KEY `fk_users_groups_groups1_idx` (`group_id`)
) ENGINE=InnoDB AUTO_INCREMENT=12 DEFAULT CHARSET=utf8;

--
-- Dumping data for table `users_groups`
--

INSERT INTO `users_groups` (`id`, `user_id`, `group_id`) VALUES
(1, 1, 1),
(2, 2, 1),
(3, 3, 1),
(4, 4, 5),
(5, 5, 2),
(6, 6, 4),
(7, 7, 3),
(8, 9, 7),
(9, 11, 3),
(10, 12, 3),
(11, 13, 3);

-- --------------------------------------------------------

--
-- Table structure for table `users_portfolio`
--

DROP TABLE IF EXISTS `users_portfolio`;
CREATE TABLE IF NOT EXISTS `users_portfolio` (
  `user_portfolio_id` int(11) NOT NULL AUTO_INCREMENT,
  `user_id` int(11) NOT NULL,
  `property_id` int(11) NOT NULL,
  `unit_holdings` int(11) NOT NULL,
  `unit_price` int(11) NOT NULL,
  `investment_value` int(11) NOT NULL,
  `property_value` int(11) NOT NULL,
  `psf` int(11) NOT NULL,
  `tax_amortisation` int(11) NOT NULL,
  `dtstamp` datetime NOT NULL,
  `status` int(2) NOT NULL DEFAULT '0',
  PRIMARY KEY (`user_portfolio_id`)
) ENGINE=InnoDB DEFAULT CHARSET=latin1;

-- --------------------------------------------------------

--
-- Table structure for table `user_finances`
--

DROP TABLE IF EXISTS `user_finances`;
CREATE TABLE IF NOT EXISTS `user_finances` (
  `id` int(11) UNSIGNED NOT NULL AUTO_INCREMENT,
  `user_id` int(11) DEFAULT NULL,
  `current_credits` decimal(10,0) DEFAULT NULL,
  `last_updated` datetime DEFAULT NULL,
  PRIMARY KEY (`id`)
) ENGINE=InnoDB AUTO_INCREMENT=2 DEFAULT CHARSET=utf8;

--
-- Dumping data for table `user_finances`
--

INSERT INTO `user_finances` (`id`, `user_id`, `current_credits`, `last_updated`) VALUES
(1, 1, '5000', '2017-04-27 00:00:00');
COMMIT;

/*!40101 SET CHARACTER_SET_CLIENT=@OLD_CHARACTER_SET_CLIENT */;
/*!40101 SET CHARACTER_SET_RESULTS=@OLD_CHARACTER_SET_RESULTS */;
/*!40101 SET COLLATION_CONNECTION=@OLD_COLLATION_CONNECTION */;
